"MuniCode","mean","sd","L50","L49","L48","L47","L46","L45","L44","L43","L42","L41","L40","L39","L38","L37","L36","L35","L34","L33","L32","L31","L30","L29","L28","L27","L26","L25","L24","L23","L22","L21","L20","L19","L18","L17","L16","L15","L14","L13","L12","L11","L10","L9","L8","L7","L6","L5","L4","L3","L2","L1","L0","H0","H1","H2","H3","H4","H5","H6","H7","H8","H9","H10","H11","H12","H13","H14","H15","H16","H17","H18","H19","H20","H21","H22","H23","H24","H25","H26","H27","H28","H29","H30","H31","H32","H33","H34","H35","H36","H37","H38","H39","H40","H41","H42","H43","H44","H45","H46","H47","H48","H49","H50"
1100,28.592896792397,5.01930325914611,0,0,0,0,0,0,0,0,0,0,0,0,0,0,0,0,0,0,0,0,0,0,0,0,0.01,0.01,0.01,0.01,0.03,0.04,0.05,0.07,0.09,0.19,0.27,0.28,0.4,0.53,0.72,0.99,1.3,1.61,2.02,2.45,2.88,3.55,4.19,4.97,5.66,6.6,7.56,92.44,91.5,90.28,89.05,87.97,86.79,85.61,84.33,83.41,82.38,81.27,80.04,78.99,78.1,77.08,76.13,75.16,74.01,72.74,71.39,69.77,67.74,65.35,62.72,59.24,55.39,50.85,45.93,41.13,36.17,31.75,27.55,23.91,20.38,16.89,13.73,10.57,7.74,5.64,4.08,2.57,1.73,1.09,0.63,0.35,0.18,0.1,0.06,0.05,0.03,0.02
1203,30.2798525625055,4.79305784753598,0,0,0,0,0,0,0,0,0,0,0,0,0,0,0,0,0,0,0,0,0,0,0,0,0,0,0,0,0,0,0,0,0,0,0,0,0,0,0.05,0.07,0.08,0.13,0.26,0.43,0.55,0.68,0.91,1.4,1.87,2.45,3.3,96.7,95.82,94.7,93.43,91.94,90.55,89.08,87.66,85.92,84.51,83.42,82.04,80.78,79.65,78.67,77.67,76.66,75.8,74.72,73.59,72.31,70.38,68.48,65.94,62.86,59.4,55.01,50.2,45.41,40.95,36.33,31.71,27.32,23.05,18.97,15.54,12.63,10.34,8.11,6.33,4.71,3.49,2.72,2.02,1.51,1.13,0.8,0.55,0.36,0.24,0.21
1337,25.3741624205706,5.2642877735456,0,0,0,0,0,0,0,0,0,0,0,0,0,0,0,0,0,0,0,0,0,0,0,0,0,0,0,0,0,0.01,0.01,0.01,0.02,0.03,0.04,0.06,0.11,0.16,0.25,0.37,0.6,0.79,1.12,1.52,1.94,2.45,3.04,3.7,4.48,5.32,6.3,93.7,92.49,91.2,89.81,88.37,86.96,85.6,84.14,82.86,81.31,79.8,78.39,76.78,75.22,73.42,71.57,69.05,66.66,63.43,59.79,56.25,52.52,48.4,43.82,39.25,34.95,30.84,26.75,23.17,19.91,16.63,14.08,11.81,9.77,7.74,6.24,5.12,4.23,3.36,2.7,2.01,1.56,1.24,0.96,0.76,0.56,0.44,0.32,0.18,0.12,0.07
1407,9.18922886762339,4.84954256354584,0,0,0,0,0,0,0,0,0,0,0,0,0,0,0,0,0,0,0,0,0,0,0,0,0,0,0,0,0,0,0,0.02,0.1,0.19,0.33,0.68,1.11,1.83,2.87,4.26,5.78,7.75,9.82,12.37,15.02,17.62,19.35,20.78,22.38,23.98,26,74,71.98,69.65,66.56,63.23,58.44,53.09,47.21,40.88,35.09,29.75,24.4,19.82,15.56,12.33,9.28,6.96,4.88,3.36,2.24,1.54,0.97,0.6,0.45,0.21,0.07,0.03,0.01,0.01,0.01,0.01,0,0,0,0,0,0,0,0,0,0,0,0,0,0,0,0,0,0,0,0
1408,12.6714245164921,3.43083510568529,0,0,0,0,0,0,0,0,0,0,0,0,0,0,0,0,0,0,0,0,0,0,0,0,0,0,0,0,0,0,0,0,0,0,0,0,0,0,0.01,0.03,0.11,0.27,0.54,1,1.85,3.04,4.64,6.7,8.96,11.39,14.04,85.96,83.34,81.32,79.2,77.38,75.75,73.89,71.53,68.01,63.34,57.2,49.3,40.58,31.55,24.35,18.49,13.31,9.5,6.34,4.15,2.68,1.68,0.95,0.52,0.32,0.2,0.15,0.06,0.04,0.03,0.02,0.02,0.01,0.01,0.01,0,0,0,0,0,0,0,0,0,0,0,0,0,0,0,0
1481,19.1492188870201,6.25330218666934,0,0,0,0,0,0,0,0,0,0,0,0,0,0,0,0,0,0,0,0,0,0,0,0,0,0,0,0,0,0,0,0,0,0,0.01,0.02,0.03,0.03,0.06,0.09,0.13,0.21,0.33,0.53,0.75,1.02,1.28,1.8,2.43,3.3,4.51,95.49,94.26,92.99,91.46,89.73,88.15,86.15,83.74,81.66,79.58,77.32,74.63,72.1,69.12,65.58,61.9,57.57,53.31,48.6,43.95,38.58,33.33,28.1,23.31,18.96,15.32,12.03,9.19,6.74,4.97,3.39,2.44,1.62,1.1,0.72,0.5,0.3,0.21,0.16,0.09,0.08,0.07,0.03,0.01,0.01,0.01,0.01,0,0,0,0
1575,22.6668632886736,7.37604419482395,0,0,0,0,0,0,0,0,0,0,0,0,0,0,0,0,0,0,0,0,0,0,0,0.01,0.01,0.02,0.03,0.09,0.13,0.17,0.18,0.27,0.43,0.51,0.69,0.92,1.13,1.41,1.74,2.07,2.56,3.12,3.64,4.27,5.01,5.8,6.59,7.55,8.38,9.42,10.43,89.57,88.41,87.32,86.11,84.91,83.63,82.3,81.09,79.66,78.15,76.38,74.69,72.75,70.71,68.25,65.79,63.39,60.35,56.99,53.6,50.04,46.06,42.14,38.53,34.86,31.25,27.59,24.22,20.84,18.07,15.73,13.55,11.59,9.82,8.4,7.04,5.87,4.81,3.97,3.23,2.55,2.1,1.71,1.42,1.21,0.94,0.76,0.58,0.43,0.3,0.21
2201,34.5912150182719,6.18199047134591,0,0,0,0,0,0,0,0,0,0,0,0,0,0,0,0,0,0,0,0,0,0,0,0,0,0,0,0,0,0,0,0,0,0,0,0,0,0,0.04,0.06,0.07,0.15,0.21,0.27,0.38,0.49,0.57,0.73,0.87,1.14,1.45,98.55,98.2,97.72,97.14,96.58,96.04,95.25,94.34,93.27,92.16,91.17,90.03,88.94,87.66,86.36,85.13,83.84,82.43,80.99,79.63,78.08,76.61,74.89,73.19,71.23,69.03,66.86,64.08,61.43,58.12,54.55,50.76,46.54,42.8,38.27,34.11,30.24,26.73,23.43,20.39,17.71,15.42,12.96,11.07,9.35,7.84,6.64,5.36,4.36,3.59,2.77
2202,22.147274819465,4.27540733268272,0,0,0,0,0,0,0,0,0,0,0,0,0,0,0,0,0,0,0,0,0,0,0,0,0,0,0,0,0,0,0,0,0,0,0,0,0,0,0,0,0,0,0.01,0.01,0.03,0.03,0.09,0.2,0.44,0.82,1.24,98.76,98.21,97.34,96.17,94.65,92.74,90.66,88.46,86.42,84.21,82.1,79.91,77.7,75.5,73.26,70.55,67.13,63.24,58.27,52.79,46.7,40.66,34.76,28.82,23.93,19.45,15.92,13,10.19,8.05,6.24,4.81,3.55,2.5,1.86,1.15,0.82,0.59,0.35,0.18,0.12,0.1,0.04,0.01,0,0,0,0,0,0,0
2203,19.2942857587058,8.1168573288748,0,0,0,0,0,0,0,0,0,0,0,0,0.01,0.03,0.05,0.07,0.09,0.09,0.09,0.11,0.12,0.14,0.18,0.22,0.31,0.43,0.51,0.59,0.75,0.92,1.06,1.28,1.49,1.73,1.98,2.15,2.4,2.76,3.04,3.45,3.93,4.41,4.83,5.38,5.84,6.38,7.02,7.64,8.19,8.79,9.53,90.47,89.61,88.58,87.81,86.85,85.66,84.55,83.17,81.57,80.14,78.24,76.36,74.32,72.26,69.76,67.32,64.58,62.01,59.12,56.18,53.12,49.81,46.76,43.59,39.84,36.17,32.08,28.04,24.26,20.46,16.91,13.67,10.67,8.46,6.81,5.36,4.24,3.29,2.61,2.06,1.65,1.29,1.07,0.76,0.52,0.39,0.31,0.25,0.2,0.15,0.14
2204,17.9373501240395,4.59079986914207,0,0,0,0,0,0,0,0,0,0,0,0,0,0,0,0,0,0.01,0.01,0.02,0.02,0.03,0.04,0.04,0.05,0.05,0.05,0.09,0.13,0.17,0.31,0.36,0.44,0.51,0.69,0.83,1.05,1.36,1.76,2.24,2.85,3.69,4.53,5.38,6.22,7.25,8.4,9.82,11.21,12.55,14.09,85.91,84.25,82.56,80.89,79.16,77.36,75.28,73.29,70.88,68.57,65.84,63.02,60.06,56.68,53.12,49.36,45.34,41.28,37.11,32.97,28.81,24.88,21.42,18.52,16.05,14.11,12.26,10.58,9.19,8.03,6.9,6.11,5.29,4.68,4.12,3.52,3.08,2.6,2.09,1.81,1.55,1.28,1,0.84,0.7,0.56,0.42,0.32,0.28,0.18,0.11
2205,25.0909252835204,5.18539504638219,0,0,0,0,0,0,0,0,0,0,0,0,0,0,0,0,0,0,0,0,0,0,0,0,0,0,0,0,0,0.01,0.02,0.03,0.06,0.07,0.09,0.14,0.22,0.27,0.42,0.53,0.66,0.87,1.2,1.42,1.78,2.28,2.9,3.61,4.51,5.42,6.51,93.49,92.36,91.24,89.98,88.72,87.36,85.85,84.42,83.1,81.78,80.49,78.76,76.99,75.32,73.58,71.71,69.17,66.59,63.47,60.2,56.4,52.37,48.15,43.51,38.95,34.75,30.27,26.4,22.79,19.25,16.1,13.42,11.22,9.13,7.23,5.87,4.74,3.55,2.84,2.18,1.65,1.19,0.82,0.59,0.35,0.24,0.12,0.06,0.06,0.04,0.04
2208,24.1060633070896,6.89718323626031,0,0,0.01,0.01,0.01,0.02,0.04,0.04,0.04,0.04,0.04,0.05,0.05,0.06,0.1,0.12,0.15,0.17,0.18,0.2,0.22,0.27,0.32,0.46,0.54,0.68,0.8,0.88,1.09,1.32,1.55,1.9,2.07,2.43,2.79,3.26,3.67,4.04,4.51,5.13,5.76,6.48,7.18,7.82,8.45,9.29,10.21,10.85,11.72,12.52,13.31,86.69,85.9,85.01,84.06,83.07,82.28,81.44,80.48,79.39,78.19,77.02,75.78,74.3,72.77,70.85,68.69,66.42,63.5,60.21,56.36,52.5,48.68,44.49,40.31,36.76,32.87,29.53,26.58,23.65,21.43,19.08,17.09,15.37,13.73,12.28,10.99,9.82,8.76,7.64,6.71,5.74,4.98,4.23,3.64,3.14,2.6,2.16,1.86,1.58,1.32,1.01
2209,14.5871706175049,5.07883570779006,0,0,0,0,0,0,0,0,0,0,0,0,0,0,0,0,0,0,0,0,0,0,0,0,0.01,0.01,0.01,0.04,0.05,0.13,0.18,0.31,0.42,0.52,0.79,1.16,1.6,2.09,2.6,3.4,4.34,5.43,6.3,7.6,9,10.39,12.08,13.45,14.97,16.6,18.31,81.69,79.91,78.15,76.5,74.54,72.36,70.01,67.05,63.93,60.14,56.11,51.61,46.81,41.6,36.99,32.49,28.39,24.24,20.36,17.18,14.22,11.57,9.44,7.46,5.78,4.37,3.29,2.37,1.72,1.21,0.9,0.64,0.38,0.15,0.09,0.05,0.02,0.02,0.02,0.01,0.01,0.01,0,0,0,0,0,0,0,0,0
2210,11.9650333005882,5.21481041943689,0,0,0,0,0,0,0,0,0,0,0,0,0,0,0,0,0,0,0,0,0,0,0,0,0,0,0,0.03,0.04,0.06,0.08,0.1,0.17,0.22,0.32,0.53,0.78,0.98,1.44,2.14,2.69,3.51,4.45,5.74,6.92,8.39,9.96,11.77,13.8,16.09,18.29,81.71,79.33,76.68,73.59,70.56,67.19,63.62,59.53,55.19,50.58,46.57,41.78,37.28,32.45,28.26,24.42,21,17.9,15.17,12.73,10.53,9.17,7.73,6.47,5.6,4.72,4,3.22,2.59,1.87,1.61,1.34,0.95,0.77,0.57,0.37,0.26,0.2,0.14,0.07,0.05,0.02,0.02,0.02,0.01,0,0,0,0,0,0
2321,21.2689220845343,5.66428970596146,0,0,0,0,0,0,0,0,0,0,0,0,0,0,0,0,0,0,0,0,0,0,0,0,0,0,0,0,0,0,0,0.01,0.02,0.02,0.04,0.06,0.09,0.16,0.23,0.41,0.74,0.99,1.48,1.96,2.73,3.75,4.66,6.01,7.46,8.96,10.76,89.24,87.44,85.58,84.01,82.52,80.81,79.37,77.78,76.21,74.49,72.8,70.96,68.57,65.89,63.05,59.39,55.51,51.48,46.68,42.35,37.97,33.8,29.99,26.51,23.17,20.31,17.63,15.42,13.13,11.39,9.68,8.35,7.03,5.97,4.95,4.12,3.35,2.67,2.09,1.66,1.23,0.97,0.82,0.54,0.31,0.23,0.13,0.05,0.02,0.02,0.02
2323,17.2004906088011,5.36983849384598,0,0,0,0,0,0,0,0,0,0,0,0,0,0,0,0,0,0,0,0,0,0,0,0,0,0,0,0,0.01,0.01,0.03,0.03,0.05,0.08,0.12,0.22,0.35,0.62,0.86,1.35,1.82,2.44,3.12,3.99,4.84,5.96,7.27,8.77,10.54,12.08,13.9,86.1,84.42,82.99,81.17,79.5,77.69,75.53,73.36,71,68.26,64.8,60.74,56.49,51.51,46.72,42.04,37.51,33.13,29.18,25.51,22.64,19.52,16.93,14.4,12.22,10.48,8.95,7.52,6.4,5.35,4.37,3.76,2.98,2.38,1.96,1.54,1.23,0.93,0.66,0.48,0.39,0.31,0.21,0.11,0.1,0.07,0.03,0.02,0.02,0.01,0
2361,22.4246176502542,5.88123654201321,0,0,0,0,0,0,0,0,0,0,0,0,0,0,0,0,0,0,0,0,0,0,0,0.01,0.02,0.04,0.06,0.08,0.1,0.14,0.2,0.26,0.33,0.43,0.52,0.62,0.87,1.15,1.35,1.64,1.98,2.45,3.01,3.68,4.39,5.14,5.98,6.87,7.85,9.11,10.07,89.93,88.83,87.64,86.46,85.25,84.01,82.82,81.56,80.34,79.07,77.63,76.08,74.63,73.03,71.13,68.98,66.63,63.62,60.73,57.4,53.76,49.88,45.63,41.54,37.32,33.03,28.54,24.3,20.35,16.49,13.47,10.46,8.06,5.97,4.38,2.99,2.08,1.3,0.81,0.44,0.26,0.17,0.08,0.04,0.02,0.02,0.01,0,0,0,0
2362,14.2005846518093,5.62369433943954,0,0,0,0,0,0,0,0,0,0,0,0,0,0,0,0,0,0,0,0,0,0,0,0,0,0,0,0,0,0,0,0,0,0,0,0,0,0,0,0.03,0.08,0.14,0.23,0.41,0.66,0.9,1.4,1.89,2.65,3.64,4.95,95.05,93.51,91.58,89.3,86.59,83.78,81.16,77.51,74.16,71.22,67.66,64.01,59.91,55.41,51.01,46.8,42.29,37.89,33.98,29.99,26.42,22.94,19.73,16.92,14.3,12.32,10.73,9.36,8.24,6.97,5.94,5.16,4.43,3.79,3.18,2.66,2.19,1.84,1.58,1.21,0.97,0.71,0.51,0.36,0.28,0.19,0.14,0.12,0.11,0.1,0.06
2367,14.3495303507862,6.31436871450569,0,0,0,0,0,0,0,0,0,0,0,0,0,0,0,0,0,0,0,0.01,0.01,0.02,0.02,0.02,0.03,0.03,0.07,0.1,0.15,0.24,0.38,0.52,0.69,0.95,1.3,1.66,2.29,2.92,3.57,4.61,5.64,6.71,8.13,9.43,10.84,12.15,13.73,15.06,16.5,17.85,19.22,80.78,79.23,77.67,76.23,74.78,72.85,70.8,68.78,66.41,63.54,60.42,57.09,53.14,48.66,44.19,39.98,35.23,30.91,26.25,21.97,18.11,14.91,12.08,9.71,7.49,5.64,4.19,3.21,2.3,1.51,1.01,0.65,0.41,0.24,0.17,0.08,0.05,0.02,0.02,0.02,0.01,0,0,0,0,0,0,0,0,0,0
2381,25.0563348235047,4.81844233390157,0,0,0,0,0,0,0,0,0,0,0,0,0,0,0,0,0,0,0,0,0.01,0.01,0.01,0.01,0.01,0.01,0.01,0.01,0.01,0.01,0.04,0.04,0.06,0.08,0.1,0.21,0.33,0.42,0.51,0.72,0.92,1.24,1.52,2.02,2.46,3.05,3.73,4.41,5.2,6.19,7.14,92.86,91.68,90.53,89.45,88.29,87.16,86.1,84.83,83.42,82.29,80.77,79.53,78.04,76.61,74.98,73.16,71.16,68.81,66.63,63.7,60.83,57.46,53.73,49.31,44.68,40.28,35.54,30.57,25.86,21.45,17.56,14.15,11.4,8.97,7,5.35,4.07,2.86,1.96,1.34,0.96,0.73,0.57,0.37,0.27,0.19,0.09,0.03,0.01,0.01,0
2384,22.1605306210677,4.87363538383419,0,0,0,0,0,0,0,0,0,0,0,0,0,0,0,0,0,0,0,0,0,0,0,0,0,0,0,0.02,0.03,0.04,0.04,0.05,0.07,0.12,0.18,0.26,0.38,0.5,0.65,0.88,1.14,1.55,2.01,2.54,3.13,3.8,4.48,5.28,6.55,7.67,8.91,91.09,89.88,88.5,86.96,85.5,84.14,82.6,81.21,79.51,77.89,76.33,74.35,72.3,69.96,67.49,64.88,62.19,58.81,55.02,50.96,46.6,41.69,36.99,32.27,27.47,23.37,19.73,16.23,13.04,10.48,8.32,6.52,5,3.82,2.66,1.94,1.31,1,0.71,0.48,0.35,0.18,0.11,0.08,0.04,0.02,0.02,0.01,0.01,0,0
2441,13.7316124044546,3.13512818754635,0,0,0,0,0,0,0,0,0,0,0,0,0,0,0,0,0,0,0,0.01,0.02,0.02,0.03,0.05,0.07,0.1,0.16,0.18,0.26,0.33,0.42,0.53,0.73,0.87,1.14,1.53,1.89,2.29,2.75,3.35,4.06,4.89,5.65,6.44,7.45,8.28,9.51,10.51,11.7,13.12,14.39,85.61,84.09,82.37,80.63,78.73,76.87,74.63,71.89,68.76,65.13,60.54,55.3,49.81,43.62,37.91,31.67,26.13,21.12,17.2,14.04,11.63,9.67,7.9,6.39,5.33,4.3,3.39,2.71,2.08,1.61,1.31,0.95,0.64,0.43,0.28,0.21,0.15,0.09,0.05,0.04,0.03,0.01,0.01,0,0,0,0,0,0,0,0
2442,23.1673323400224,7.54932448524217,0,0,0,0,0,0,0,0,0,0,0,0,0,0,0.01,0.01,0.02,0.03,0.04,0.05,0.07,0.08,0.08,0.08,0.1,0.12,0.13,0.19,0.23,0.32,0.37,0.46,0.57,0.7,0.81,1.09,1.27,1.51,1.75,2.09,2.54,2.89,3.21,3.63,4.17,4.65,5.1,5.74,6.35,6.92,7.53,92.47,91.8,90.99,90.17,89.51,88.52,87.55,86.64,85.7,84.67,83.49,82.06,80.66,79.21,77.29,75.22,73.11,70.82,68.46,65.69,62.58,59.54,56.24,52.59,48.4,43.78,39.13,34.35,29.76,25.24,20.91,17.01,13.7,11.04,8.61,6.68,5.4,4.16,3.21,2.51,2.05,1.51,1.11,0.8,0.63,0.47,0.32,0.24,0.17,0.12,0.05
2443,20.8219619321693,6.76141904634154,0,0,0,0,0,0,0,0,0,0,0,0,0,0,0,0,0,0,0,0,0.01,0.02,0.02,0.02,0.04,0.07,0.1,0.11,0.17,0.22,0.25,0.34,0.47,0.57,0.67,0.83,0.99,1.22,1.57,1.96,2.46,2.84,3.3,3.81,4.4,5.03,5.88,6.69,7.3,8.17,9,91,89.93,88.85,87.69,86.68,85.48,84.19,82.59,81,79.03,76.93,74.67,72.21,69.23,66.39,63.42,60.43,56.99,53.39,49.45,45.67,42.01,38.54,35.01,31.99,28.43,25.38,22.67,20.1,17.8,15.6,13.79,12.1,10.58,9.27,8.25,7.13,6.16,5.32,4.56,3.99,3.41,2.96,2.48,2.04,1.77,1.49,1.17,0.95,0.77,0.68
2445,14.6239450274352,5.50400088485546,0,0,0,0,0,0,0,0,0,0,0,0,0.01,0.01,0.01,0.01,0.02,0.02,0.02,0.02,0.02,0.03,0.03,0.04,0.06,0.09,0.11,0.17,0.19,0.25,0.33,0.48,0.61,0.76,0.93,1.13,1.38,1.7,2.07,2.48,2.91,3.44,4.13,4.73,5.55,6.34,7.24,8.23,9.24,10.56,11.86,88.14,86.8,85.54,84.25,82.8,81.26,79.45,77.24,74.79,72.24,69.12,65.47,61.8,57.38,52.8,47.38,41.39,35.83,30.18,24.68,19.5,15.03,11.18,8.32,6.26,4.72,3.46,2.45,1.8,1.22,0.78,0.52,0.36,0.19,0.11,0.05,0.04,0.04,0.02,0.02,0.01,0,0,0,0,0,0,0,0,0,0
2450,19.2863919460708,6.90086968000961,0,0.01,0.02,0.02,0.04,0.04,0.05,0.05,0.05,0.06,0.06,0.07,0.1,0.11,0.13,0.17,0.21,0.23,0.32,0.41,0.51,0.62,0.82,0.93,1.11,1.26,1.42,1.67,1.82,2.05,2.45,2.87,3.29,3.6,3.95,4.48,4.93,5.46,6.03,6.59,7.14,7.8,8.47,9.13,9.94,10.68,11.52,12.36,13.28,14.26,15.14,84.86,84.08,83.08,82.09,80.86,79.85,78.4,76.75,74.93,72.91,70.9,68.24,65.63,63.02,59.9,56.6,53.27,49.87,46.5,42.88,38.97,35.22,31.74,28.31,25.22,22.39,19.97,17.83,15.66,13.91,12.14,10.49,9.32,8.23,7.2,6.33,5.59,5.01,4.4,3.87,3.28,2.72,2.29,1.92,1.62,1.37,1.08,0.87,0.75,0.54,0.42
3201,12.6178708136789,3.70447718385674,0,0,0,0,0,0,0,0,0,0,0,0,0,0,0,0,0,0,0,0,0,0,0,0,0,0,0,0,0.01,0.01,0.05,0.08,0.15,0.22,0.31,0.43,0.61,0.89,1.2,1.55,2.09,2.76,3.6,4.6,5.48,6.7,7.77,9.09,10.53,11.91,13.25,86.75,85.39,83.76,82.19,80.32,78.29,75.97,72.99,69.48,64.97,59.84,54.28,47.86,41.08,34.33,27.49,21.54,16.77,12.64,9.21,6.91,4.76,3.31,2.32,1.56,0.92,0.5,0.25,0.17,0.06,0.01,0,0,0,0,0,0,0,0,0,0,0,0,0,0,0,0,0,0,0,0
3205,43.3384348607324,3.58949405462641,0,0,0,0,0,0,0,0,0,0,0,0,0,0,0,0,0,0,0,0,0,0,0,0,0,0,0,0,0,0,0,0,0,0,0,0,0,0,0,0,0,0,0,0,0,0,0,0,0,0,0,100,100,100,100,99.99,99.99,99.98,99.98,99.94,99.91,99.88,99.87,99.86,99.77,99.6,99.47,99.33,99.04,98.65,98.25,97.72,97.14,96.4,95.62,94.72,93.81,92.58,91.38,89.99,88.74,87.32,85.78,84.47,82.79,81,79.02,76.53,73.85,70.59,66.94,62.59,57.12,51.25,45.11,38.91,32.75,26.82,21.86,17.54,13.83,10.99
3206,15.9667806762479,3.37307690535721,0,0,0,0,0,0,0,0,0,0,0,0,0,0,0,0,0,0,0,0,0,0,0,0,0,0,0,0.01,0.04,0.07,0.09,0.14,0.2,0.27,0.44,0.55,0.65,0.91,1.18,1.44,1.94,2.38,2.92,3.6,4.44,5.47,6.63,7.38,8.56,9.59,10.75,89.25,87.94,86.44,85.09,83.48,82.04,80.29,78.29,75.9,73.39,70.58,67.18,63.51,58.82,53.42,47.82,41.72,35.86,30.1,24.95,20.39,16.5,13.23,10.53,8.21,6.47,4.99,3.79,3.02,2.33,1.76,1.29,1.02,0.71,0.55,0.38,0.29,0.21,0.16,0.09,0.07,0.04,0.01,0,0,0,0,0,0,0,0
3208,18.2521359661408,5.56767388578977,0,0,0,0,0,0.01,0.01,0.01,0.01,0.02,0.02,0.02,0.03,0.04,0.06,0.09,0.09,0.09,0.11,0.15,0.18,0.21,0.29,0.34,0.46,0.58,0.72,0.89,1.06,1.25,1.48,1.9,2.15,2.52,2.91,3.38,4,4.53,5.16,5.76,6.49,7.14,7.84,8.57,9.42,10.41,11.19,12,12.84,13.62,14.51,85.49,84.63,83.74,82.91,81.74,80.48,79.19,78.06,76.38,74.59,72.38,70.34,67.64,64.42,61.43,57.76,54.01,50.27,46.05,41.93,37.57,33.65,29.93,26,22.54,19.35,16.41,14.01,11.86,9.99,8.13,6.76,5.56,4.59,3.88,3.17,2.49,1.93,1.56,1.23,1.01,0.73,0.54,0.39,0.3,0.24,0.15,0.11,0.07,0.05,0.03
3210,23.3711870082363,3.92748691428633,0,0,0,0,0,0,0,0,0,0,0.01,0.01,0.01,0.01,0.02,0.02,0.04,0.05,0.07,0.07,0.08,0.11,0.13,0.14,0.16,0.18,0.23,0.27,0.3,0.36,0.45,0.55,0.65,0.73,0.86,1.07,1.28,1.57,1.76,2.03,2.33,2.69,3.07,3.52,3.89,4.34,4.93,5.41,6.07,6.78,7.44,92.56,91.88,91.15,90.53,89.89,89.3,88.79,88.02,87.36,86.64,85.93,85.2,84.47,83.52,82.6,81.47,80.08,78.61,76.56,74.12,71.36,67.67,63.68,58.73,53.04,46.86,39.86,32.76,25.41,19.05,13.63,9.11,6,3.82,2.14,1.4,0.79,0.42,0.26,0.14,0.1,0.05,0.04,0.03,0.03,0.01,0,0,0,0,0
3213,40.2950024038319,4.98625891573831,0,0,0,0,0,0,0,0,0,0,0,0,0,0,0,0,0,0,0,0,0,0.01,0.01,0.01,0.01,0.01,0.01,0.01,0.03,0.03,0.03,0.04,0.05,0.05,0.07,0.12,0.15,0.19,0.2,0.29,0.32,0.46,0.57,0.63,0.81,0.96,1.16,1.38,1.58,1.76,2.09,97.91,97.68,97.2,96.92,96.47,95.97,95.36,94.76,94.18,93.74,93.07,92.37,91.52,90.77,89.71,88.93,88.2,87.37,86.49,85.63,84.65,83.57,82.77,81.64,80.52,79.42,78.32,77,75.35,73.8,72.24,70.24,67.99,65.84,63.17,59.88,56.85,53.49,49.66,45.61,41.81,37.68,33.41,29.76,25.88,22.53,19.63,16.79,14.32,12.45,10.83
3215,25.8861256776567,4.62888992399609,0,0,0,0,0,0,0,0,0,0,0,0,0,0,0,0,0,0,0,0,0,0.01,0.01,0.02,0.02,0.06,0.06,0.07,0.08,0.1,0.15,0.19,0.23,0.31,0.38,0.47,0.56,0.75,0.92,1.11,1.41,1.75,2.2,2.6,3,3.56,4.03,4.7,5.43,6.06,6.78,93.22,92.62,91.93,90.95,90.05,89.24,88.39,87.43,86.42,85.47,84.48,83.42,82.29,81.07,79.97,78.65,77.06,75.16,73.24,71.1,68.75,65.53,62.42,58.28,53.99,49.46,44.23,39.2,34.09,29.06,24.63,20.72,17.08,13.86,11.04,8.92,7.06,5.59,4.53,3.48,2.71,2.06,1.63,1.24,0.95,0.71,0.55,0.43,0.26,0.18,0.1
3301,12.1883368214914,13.3127501972414,0,0,0,0,0,0,0,0,0,0,0,0,0,0,0,0,0,0,0,0,0.01,0.01,0.02,0.03,0.06,0.08,0.11,0.14,0.15,0.17,0.18,0.22,0.25,0.3,0.33,0.42,0.5,0.64,0.81,0.98,1.31,1.77,2.34,3.14,4.23,5.66,7.33,9.41,11.89,14.65,17.74,82.26,78.92,75.27,71.73,68.63,65.32,62.4,59.84,56.99,54.08,51.15,48.04,45.27,42.52,39.58,36.88,34.25,31.96,29.35,26.81,24.56,22.54,20.43,18.51,16.66,14.7,13.05,11.74,10.69,9.56,8.59,7.61,6.5,5.6,4.77,4.05,3.42,2.95,2.52,2.17,1.78,1.38,1.18,0.97,0.85,0.64,0.49,0.35,0.27,0.21,0.15
3302,22.7776410060025,9.36760178016311,0,0,0,0,0,0,0,0,0,0,0.02,0.02,0.02,0.03,0.04,0.05,0.06,0.06,0.06,0.07,0.07,0.08,0.13,0.15,0.19,0.2,0.23,0.3,0.41,0.47,0.59,0.71,0.83,0.97,1.1,1.26,1.41,1.6,2.01,2.22,2.56,2.98,3.48,3.92,4.39,5.03,5.64,6.24,6.94,7.69,8.59,91.41,90.62,89.6,88.61,87.46,86.38,85.28,84.03,82.75,81.33,79.88,78.15,76.31,74.46,72.67,70.87,69.03,66.85,64.5,62.17,59.97,57.68,55.33,52.99,50.73,48.47,45.97,43.42,41.17,38.76,36.49,33.93,31.72,29.68,27.7,25.85,24.08,22.13,20.3,18.84,17.27,15.96,14.58,13.39,12.3,11.22,10.27,9.29,8.5,7.41,6.47
3303,25.8426422346092,4.27823907838453,0,0,0,0,0,0,0,0,0,0,0,0,0,0,0,0,0,0,0,0.01,0.01,0.03,0.04,0.07,0.13,0.17,0.23,0.28,0.39,0.49,0.64,0.8,0.99,1.28,1.52,1.89,2.22,2.76,3.18,3.58,4.13,4.74,5.48,6.24,7.02,7.89,8.78,9.73,10.73,11.65,12.48,87.52,86.44,85.52,84.51,83.51,82.43,81.4,80.45,79.29,78.28,77.16,75.98,74.75,73.27,71.78,70.23,68.55,66.85,64.99,62.97,60.38,57.34,54.27,50.93,47.29,43.56,39.41,35.66,31.65,27.99,24.57,21.73,19.38,16.92,14.96,13.24,11.82,10.38,9.15,7.84,6.89,6.01,5.21,4.47,4.02,3.56,3.06,2.68,2.13,1.77,1.44
3321,16.8507333109829,3.55998010161613,0,0,0,0,0,0,0,0,0,0,0,0,0,0,0,0,0,0,0,0,0,0,0,0,0,0,0,0.01,0.01,0.01,0.01,0.02,0.02,0.02,0.03,0.05,0.09,0.1,0.18,0.23,0.31,0.42,0.65,0.94,1.33,1.79,2.32,3.05,3.79,4.82,5.95,94.05,93.1,91.93,90.73,89.39,87.79,86.44,85.15,83.61,81.91,80.05,77.73,75.11,71.07,66.51,60.87,54.02,46.86,39.32,31.09,23.87,17.46,12.21,7.95,4.9,2.98,1.58,0.9,0.53,0.25,0.12,0.04,0.01,0.01,0.01,0,0,0,0,0,0,0,0,0,0,0,0,0,0,0,0
3322,24.5290215163203,5.59853491990339,0,0,0,0,0,0,0,0,0,0,0,0,0,0,0,0,0,0,0,0,0,0,0.02,0.03,0.05,0.06,0.07,0.09,0.13,0.17,0.22,0.26,0.34,0.4,0.47,0.6,0.8,1.01,1.19,1.44,1.8,2.12,2.53,2.83,3.27,3.78,4.39,5.17,5.93,6.81,7.76,92.24,91.29,90.58,89.74,89.13,88.23,87.31,86.34,85.44,84.5,83.81,82.86,82.07,81.1,79.95,78.71,77.16,75.6,73.24,70.98,68.35,64.9,61.31,56.95,52.06,46.88,41.55,36.61,31.39,25.88,21.2,16.77,12.8,9.84,7,4.82,3.3,2.16,1.45,0.87,0.48,0.19,0.13,0.05,0.02,0.01,0.01,0,0,0,0
3524,28.7252041486771,5.10151730068069,0,0,0,0,0,0,0,0,0.01,0.01,0.01,0.01,0.01,0.02,0.06,0.08,0.1,0.11,0.12,0.16,0.18,0.24,0.32,0.34,0.5,0.57,0.65,0.75,1,1.22,1.41,1.56,1.81,2.12,2.37,2.85,3.3,3.66,4.03,4.56,5.11,5.68,6.35,6.97,7.57,8.2,8.87,9.59,10.28,11.07,11.89,88.11,87.14,86.33,85.54,84.65,83.68,82.7,81.74,80.78,79.82,78.85,77.99,76.96,75.6,74.4,73.13,71.7,70.38,69.27,67.7,65.83,63.8,61.45,58.82,56.07,53.28,50.3,47.13,43.73,39.99,36.06,32.07,28.68,26.05,23.36,20.55,18.28,16.25,14.43,12.89,11.48,10.21,9.11,8.03,7.04,6.08,5.55,4.95,4.16,3.72,3.28
4208,17.5172986450951,5.44517995621887,0,0,0,0,0,0,0,0,0,0,0,0,0,0,0,0,0,0,0,0,0,0,0,0,0,0.01,0.01,0.01,0.01,0.02,0.05,0.06,0.1,0.12,0.17,0.21,0.37,0.45,0.66,0.9,1.26,1.73,2.29,2.81,3.48,4.29,5.15,5.84,6.75,7.81,8.98,91.02,89.8,88.72,87.57,86.38,85.15,84.04,82.67,81.1,79.37,77.06,74.73,71.72,68.07,63.98,58.98,53.31,46.51,39.32,31.71,24.61,18.32,12.98,8.76,5.53,3.65,2.37,1.29,0.72,0.45,0.29,0.18,0.1,0.05,0.03,0.03,0,0,0,0,0,0,0,0,0,0,0,0,0,0,0
4301,21.952286503677,7.06161300371409,0,0,0,0,0,0,0,0,0,0,0,0,0,0,0,0,0,0,0,0,0,0,0,0,0.01,0.01,0.02,0.02,0.02,0.02,0.03,0.07,0.08,0.12,0.18,0.22,0.28,0.37,0.49,0.58,0.76,0.97,1.19,1.46,1.83,2.41,2.93,3.46,4.14,4.88,5.58,94.42,93.66,92.63,91.55,90.45,89.28,88.1,86.77,85.33,83.82,82.29,80.21,78.11,75.66,73.25,70.52,67.57,64.15,60.7,56.85,52.74,48.63,44.41,40.07,35.74,31.92,28.05,24.33,20.74,17.66,14.92,12.36,10.05,7.96,6.37,5.22,4.15,3.33,2.56,1.97,1.55,1.17,0.82,0.62,0.44,0.34,0.28,0.19,0.09,0.07,0.05
5202,16.1627165193471,5.55598217682021,0,0,0,0,0,0,0,0,0,0,0,0,0,0,0,0,0,0,0,0,0,0,0,0,0,0,0,0,0,0,0.01,0.03,0.03,0.03,0.03,0.03,0.03,0.07,0.12,0.18,0.4,0.64,0.97,1.46,2.01,2.83,3.73,5.03,6.37,8.08,10.03,89.97,88.15,86.05,84.09,81.64,79.46,77.21,74.73,72.32,69.42,65.95,61.75,57.57,52.67,47.89,42.91,38.19,33.35,29.36,25.66,22.52,19.48,16.93,14.37,12.51,10.7,9.16,7.67,6.49,5.44,4.59,3.84,3.05,2.43,1.91,1.43,1.05,0.78,0.56,0.42,0.25,0.15,0.11,0.06,0.04,0.03,0.03,0,0,0,0
5203,19.3364784619932,7.91397107788834,0,0,0,0,0,0,0,0,0,0,0,0,0,0,0,0,0,0,0,0,0,0,0,0,0,0,0,0,0,0,0,0,0,0,0,0,0,0,0,0,0.01,0.01,0.01,0.02,0.02,0.03,0.06,0.08,0.12,0.18,0.2,99.8,99.76,99.69,99.57,99.42,99.09,98.63,97.84,97.02,95.7,93.68,90.82,87.26,83.05,78.8,73.92,68.74,62.81,56.29,50.1,43.84,37.71,32.62,27.34,23.32,19.8,17.03,14.75,12.37,10.55,8.73,7.13,5.95,4.98,3.89,3.12,2.36,1.89,1.34,1.01,0.71,0.47,0.38,0.28,0.21,0.13,0.1,0.07,0.05,0.03,0.02
5204,12.4352646649583,6.07913480740491,0,0,0,0,0,0,0,0,0,0,0,0,0,0,0,0,0,0,0,0,0,0,0,0,0,0,0,0,0,0,0,0,0.01,0.02,0.02,0.07,0.09,0.17,0.27,0.5,0.85,1.28,1.79,2.42,3.26,4.42,5.89,7.54,9.21,11.27,13.73,86.27,83.62,80.66,77.6,74.4,70.77,67.21,63.17,58.83,54.52,49.75,44.82,40.45,36.08,32.3,28.6,25.14,22.13,19.68,17.46,15.43,13.46,11.94,10.59,9.39,8.25,7.42,6.49,5.75,4.95,4.18,3.49,2.83,2.33,1.98,1.65,1.31,1.06,0.75,0.59,0.47,0.33,0.25,0.19,0.11,0.08,0.06,0.02,0.02,0.01,0.01
5206,16.6802743073331,6.56116245474163,0,0,0,0,0,0,0,0,0,0,0,0,0,0,0,0,0,0,0,0,0,0,0,0,0,0,0,0,0,0.01,0.02,0.04,0.05,0.07,0.09,0.09,0.14,0.23,0.33,0.46,0.68,1.16,1.51,2.13,2.68,3.52,4.57,5.77,7.02,8.27,9.81,90.19,88.27,86.49,84.66,82.59,80.4,78.3,76.06,73.84,71.01,67.91,64.32,60.32,56.4,51.99,47.53,42.83,38.01,34.16,30.45,26.85,23.61,20.91,18.37,15.92,13.73,11.81,10.03,8.35,6.92,5.78,4.81,3.81,3.02,2.36,1.82,1.33,1.03,0.77,0.54,0.38,0.31,0.16,0.12,0.09,0.06,0.02,0,0,0,0
5207,3.91604407039059,8.29607507322413,0,0,0,0,0,0,0,0,0,0,0,0,0,0,0,0,0,0,0,0,0,0,0,0,0,0.01,0.01,0.01,0.02,0.02,0.03,0.03,0.05,0.08,0.12,0.16,0.25,0.46,0.68,1.02,1.71,2.39,3.43,5.19,7.11,9.79,12.99,17.1,21.71,26.6,31.52,68.48,63.47,58.4,53.21,48.02,42.87,37.26,32.28,28.09,24.27,20.96,17.78,15.34,12.73,10.6,9.03,7.57,6.27,5.12,4.35,3.56,2.73,2.2,1.84,1.48,1.1,0.84,0.7,0.59,0.45,0.31,0.26,0.2,0.11,0.07,0.04,0.04,0.02,0.01,0.01,0.01,0.01,0.01,0.01,0.01,0,0,0,0,0,0
5209,9.61238595319718,4.98372273088154,0,0,0,0,0,0,0,0,0,0,0,0,0,0,0,0,0,0,0,0,0,0,0,0,0,0,0,0.02,0.03,0.05,0.07,0.1,0.15,0.23,0.3,0.39,0.58,0.81,1.14,1.65,2.39,3.16,3.96,4.96,6.22,7.95,9.75,11.61,13.48,15.45,17.78,82.22,79.73,76.71,73.75,70.14,66.63,62.7,58.46,53.63,48.97,44.37,39.7,35.1,30.81,27.03,23.38,20.42,17.52,15.07,13.11,11.46,9.89,8.77,7.81,6.67,5.85,5.12,4.44,3.86,3.32,2.83,2.36,1.94,1.59,1.27,1.1,0.87,0.76,0.63,0.46,0.39,0.32,0.24,0.19,0.14,0.11,0.07,0.05,0.03,0.01,0.01
5211,14.837279267422,8.42393765947748,0,0,0,0,0,0,0,0,0,0,0,0,0,0,0,0,0,0,0,0,0,0,0,0,0,0,0,0,0,0,0,0,0,0,0.01,0.02,0.03,0.04,0.06,0.14,0.23,0.39,0.56,0.89,1.3,1.8,2.69,3.91,5.43,7.26,9.14,90.86,88.51,85.83,83.1,80.36,77.57,74.46,71.32,68.02,64.68,61,57.14,52.94,48.41,44.33,39.96,35.84,31.86,28.35,25.32,22.93,20.22,18.09,16.07,14.37,12.62,11.24,9.86,8.33,7.04,5.86,5.02,4.08,3.37,2.76,2.1,1.67,1.38,1.04,0.83,0.65,0.49,0.41,0.27,0.19,0.14,0.09,0.06,0.05,0.01,0.01
5348,16.6157878301543,4.34242049975495,0,0,0,0,0,0,0,0,0,0,0,0,0,0,0,0,0,0,0,0,0,0,0,0,0,0,0,0,0,0,0,0.01,0.05,0.11,0.18,0.26,0.36,0.54,0.78,1.11,1.51,1.98,2.8,3.65,4.56,5.74,6.91,8.05,9.48,10.98,12.47,87.53,86.12,84.28,82.74,81.16,79.6,77.81,75.82,73.57,70.66,67.51,63.99,59.48,54.44,49.44,44.38,39.57,33.92,29.15,24.99,20.82,17.42,14.58,12.17,10.41,8.62,6.97,5.78,4.5,3.48,2.6,1.92,1.41,0.95,0.66,0.41,0.3,0.14,0.11,0.06,0.04,0.03,0.02,0.02,0.01,0.01,0,0,0,0,0
5349,7.8985685272152,6.37240936146472,0,0,0,0,0,0,0,0,0,0,0,0,0,0,0,0,0,0,0,0,0,0,0,0,0,0,0,0,0,0,0,0,0.01,0.02,0.06,0.15,0.27,0.42,0.79,1.24,1.88,2.77,3.91,5.26,7.07,9.52,11.95,15.09,18.15,21.47,25.02,74.98,71.11,66.97,62.76,57.92,52.72,47.15,41.98,36.76,32.63,28.9,25.81,22.76,19.88,17.62,15.38,13.52,11.89,10.42,9.12,7.9,6.74,5.61,4.56,3.55,2.98,2.43,1.92,1.46,1.18,0.94,0.71,0.52,0.29,0.24,0.18,0.12,0.06,0.03,0.02,0.02,0,0,0,0,0,0,0,0,0,0
5463,14.0931781345076,11.6862584834044,0,0,0,0,0,0,0,0,0,0,0,0,0,0,0,0,0,0,0,0,0,0,0,0,0.01,0.01,0.01,0.01,0.02,0.02,0.03,0.04,0.06,0.06,0.1,0.16,0.21,0.23,0.3,0.38,0.49,0.65,0.86,1.04,1.31,1.67,2.21,2.96,3.98,5.41,7.17,92.83,91.01,88.8,86.34,83.49,80.52,77.43,74.15,70.52,67.08,63.36,59.66,55.8,52.15,47.61,43.93,39.76,35.97,32.6,29.3,26.42,23.48,20.89,18.61,16.43,14.59,13,11.45,10.24,9.02,7.97,6.95,6.03,5.19,4.43,3.76,3.25,2.8,2.25,1.84,1.55,1.18,0.99,0.72,0.56,0.39,0.3,0.21,0.15,0.1,0.06
5464,26.2080290022985,18.0313871585943,0,0,0,0,0,0,0,0,0,0,0,0,0,0,0,0,0,0,0,0,0,0,0,0,0.01,0.03,0.03,0.04,0.04,0.05,0.08,0.12,0.15,0.16,0.2,0.23,0.25,0.28,0.33,0.37,0.43,0.49,0.63,0.72,0.81,0.96,1.1,1.26,1.47,1.62,1.85,98.15,97.9,97.59,97.26,96.75,96.17,95.69,95.01,94.12,93.26,92.16,90.98,89.64,88.15,86.58,84.54,82.41,79.91,77.46,74.94,72.3,69.23,65.99,62.94,59.69,56.05,52.93,49.5,45.97,42.63,39.39,36.44,33.8,31.11,28.9,26.56,24.32,22.3,20.37,18.8,17.19,15.93,14.74,13.51,12.67,11.65,10.99,10.22,9.31,8.69,8.03
6201,14.765716847861,3.90095509642699,0,0,0,0,0,0,0,0,0,0,0,0,0,0,0,0,0,0,0,0,0,0,0,0,0,0,0,0,0,0,0,0,0,0,0,0,0,0,0.02,0.04,0.1,0.17,0.27,0.39,0.56,0.93,1.39,2.06,2.77,3.81,5.12,94.88,93.62,92.07,90.34,88.62,86.79,84.98,83.09,80.82,78.42,75.59,72.05,67.15,61.32,54.23,46.2,37.83,29.12,21.66,15.17,10.22,6.61,4.21,2.42,1.41,0.75,0.4,0.2,0.13,0.05,0.03,0.01,0,0,0,0,0,0,0,0,0,0,0,0,0,0,0,0,0,0,0
6202,18.2667353681692,6.5184534276318,0,0,0,0,0,0,0,0,0,0,0,0,0,0,0,0,0,0,0,0,0,0,0,0,0,0,0,0.01,0.01,0.02,0.04,0.06,0.09,0.12,0.16,0.23,0.33,0.46,0.6,0.67,0.9,1.17,1.67,2.07,2.65,3.34,4.06,5,5.96,6.89,7.92,92.08,90.91,89.59,88.04,86.44,84.85,83.3,81.57,79.42,77.2,74.53,71.83,68.85,65.55,62.02,57.96,53.89,49.45,45.23,40.8,36.2,32.07,28,24.5,21.31,18.12,15.33,13.06,10.77,8.99,7.35,5.93,4.95,3.99,3.29,2.63,2.14,1.78,1.39,1.22,1.01,0.79,0.63,0.48,0.37,0.28,0.22,0.19,0.16,0.12,0.07
6203,15.5624966349765,8.78252429402448,0,0,0,0,0,0,0,0,0,0,0,0,0,0,0,0,0,0,0,0,0,0,0,0,0,0,0,0,0,0.01,0.01,0.01,0.02,0.02,0.02,0.02,0.04,0.04,0.06,0.09,0.18,0.29,0.54,0.73,1.01,1.44,2.03,2.88,3.7,5.04,6.61,93.39,91.76,89.47,87.17,84.66,81.49,78.21,74.78,70.77,66.61,62.39,58.72,54.36,49.79,45.44,41.34,37.34,33.38,29.36,25.66,22.2,19.04,16.37,13.92,11.35,9.52,7.96,6.44,4.89,3.82,3.01,2.36,1.83,1.36,0.99,0.75,0.6,0.44,0.26,0.15,0.13,0.09,0.07,0.06,0.05,0.04,0.02,0.02,0.01,0.01,0.01
6204,23.121251722667,9.07314042205313,0,0,0,0,0,0,0,0,0,0,0,0,0,0,0,0,0,0,0,0,0,0,0,0,0,0,0,0,0,0,0,0,0.01,0.02,0.02,0.03,0.06,0.07,0.09,0.09,0.1,0.17,0.22,0.3,0.45,0.63,0.76,0.98,1.32,1.84,2.31,97.69,96.96,96.21,95.33,94.24,93.1,91.97,90.48,88.79,87.16,85.54,83.31,81.11,78.45,75.59,72.65,69.82,66.91,63.59,60.37,56.88,53.34,49.9,46.69,43.1,40.08,37.33,33.83,30.88,27.84,24.93,22.29,19.89,17.42,15.3,13.48,11.76,10,8.66,7.07,5.92,4.99,4.18,3.28,2.64,2.13,1.72,1.47,1.14,0.98,0.73
6205,19.6993213424509,16.3515514883652,0,0,0,0,0,0,0,0,0,0,0,0,0,0,0,0,0,0,0.01,0.02,0.03,0.04,0.04,0.06,0.09,0.15,0.19,0.23,0.25,0.35,0.42,0.53,0.68,0.76,0.93,1.02,1.18,1.52,1.87,2.19,2.58,3.09,3.69,4.23,5,5.71,6.66,7.45,8.53,9.87,11.11,88.89,87.53,86.02,84.41,82.85,81.13,79.39,77.55,75.55,73.45,71.12,68.95,66.32,64,61.45,58.87,56.8,54.36,52.05,49.68,47.34,45.01,42.86,40.5,38.07,35.8,33.64,31.62,29.4,27.56,25.71,23.84,22.23,20.7,19.07,17.64,16.45,15.02,13.82,12.43,11.42,10.43,9.27,8.35,7.51,6.93,6.29,5.69,5.1,4.63,4.29
6206,12.8164550395748,2.9341386203773,0,0,0,0,0,0,0,0,0,0,0,0,0,0,0,0,0,0,0,0,0,0,0,0,0,0,0,0,0,0,0,0,0.01,0.03,0.04,0.07,0.11,0.17,0.24,0.34,0.44,0.71,1.11,1.73,2.41,3.04,4.1,5.34,6.71,7.99,9.43,90.57,89.2,87.57,86.02,84.23,82.58,80.48,78.23,75.19,71.67,66.89,60.71,53.4,45.52,36.96,28.33,20.34,13.6,8.24,4.81,2.43,1.28,0.52,0.24,0.07,0.01,0,0,0,0,0,0,0,0,0,0,0,0,0,0,0,0,0,0,0,0,0,0,0,0,0
6207,10.7476334044456,2.54726730288084,0,0,0,0,0,0,0,0,0,0,0,0,0,0,0,0,0,0,0,0,0,0,0,0,0,0,0,0,0,0,0,0,0,0,0,0,0,0.01,0.04,0.07,0.19,0.32,0.54,0.84,1.27,1.89,2.91,4.32,6.07,7.79,9.83,90.17,87.82,85.7,83.45,81.29,78.5,75.46,71.27,65.99,59.08,50.68,41.14,31.21,22.58,15,9.04,5.03,2.56,1.1,0.51,0.19,0.05,0.02,0.01,0,0,0,0,0,0,0,0,0,0,0,0,0,0,0,0,0,0,0,0,0,0,0,0,0,0,0
6208,13.8416272269709,2.95096991351212,0,0,0,0,0,0,0,0,0,0,0,0,0,0,0,0,0,0,0,0,0,0,0,0,0,0,0,0,0,0,0,0,0,0,0.01,0.02,0.02,0.05,0.13,0.23,0.33,0.52,0.79,1.19,1.85,2.38,3.21,4.4,5.56,6.97,8.26,91.74,90.26,88.75,87.17,85.4,83.65,81.71,79.44,77,73.74,69.37,64.32,58.2,50.92,43,34.87,27.34,20.97,15.56,11.58,8.11,5.62,3.68,2.25,1.21,0.72,0.41,0.17,0.12,0.02,0.01,0.01,0.01,0.01,0,0,0,0,0,0,0,0,0,0,0,0,0,0,0,0,0
6209,10.1813625232996,9.21736588666913,0,0,0,0,0,0,0,0,0,0,0,0,0,0,0,0,0,0,0,0,0,0,0,0,0,0,0,0,0,0,0,0.02,0.03,0.05,0.06,0.08,0.11,0.18,0.32,0.52,0.73,1.03,1.54,2.16,2.95,3.98,5.11,6.81,8.38,10.36,12.56,87.44,84.96,82.28,79.54,76.39,73.41,70,66.27,62.36,58.61,54.37,50.16,45.85,41.43,37.28,33.12,29.19,25.48,21.34,18.2,15.42,12.75,10.58,8.4,6.68,5.43,4.41,3.39,2.72,1.94,1.48,1.15,0.82,0.58,0.44,0.28,0.21,0.15,0.12,0.1,0.09,0.06,0.02,0.01,0.01,0.01,0,0,0,0,0
6210,15.7468314407928,2.92904570329003,0,0,0,0,0,0,0,0,0,0,0,0,0,0,0,0,0,0,0,0,0,0,0,0,0,0,0,0,0,0,0,0,0,0,0,0,0,0.01,0.02,0.03,0.09,0.14,0.22,0.37,0.54,0.81,1.22,1.75,2.35,3.12,4.3,95.7,94.59,93.38,92.01,90.65,89.05,87.47,85.96,84.39,82.63,80.6,77.67,73.74,68.42,61.37,52.37,42.81,32.63,23.2,15.46,9.75,6.16,3.43,1.75,0.85,0.44,0.17,0.06,0.03,0.01,0,0,0,0,0,0,0,0,0,0,0,0,0,0,0,0,0,0,0,0,0
6211,13.9686709233547,2.29647111733908,0,0,0,0,0,0,0,0,0,0,0,0,0,0,0,0,0,0,0,0,0,0,0,0,0,0,0,0,0,0,0,0,0,0,0,0,0,0,0,0,0,0.02,0.03,0.05,0.14,0.22,0.31,0.63,1.05,1.53,2.49,97.51,96.34,94.74,92.76,90.48,87.98,85.59,83.49,80.61,77.91,73.63,68.33,61.2,51.83,41.33,31.5,22.87,15.77,10.71,6.77,3.91,2.46,1.47,0.76,0.33,0.16,0.05,0.01,0.01,0,0,0,0,0,0,0,0,0,0,0,0,0,0,0,0,0,0,0,0,0,0
6212,21.1379007665232,6.03815070074871,0,0,0,0,0,0,0,0,0,0,0,0,0,0,0,0,0,0.01,0.01,0.02,0.03,0.03,0.03,0.05,0.05,0.06,0.08,0.09,0.15,0.2,0.26,0.37,0.49,0.63,0.77,0.97,1.22,1.4,1.78,2.32,2.77,3.34,4,4.58,5.28,6.03,6.83,7.52,8.38,9.45,10.33,89.67,88.69,87.85,86.95,85.9,85.09,84,82.63,81.43,79.99,78.72,77.07,75.02,72.73,70.56,68.03,65.22,61.7,58.09,54.13,50.08,45.95,41.91,37.87,33.87,29.92,26.34,23.24,20.23,17.51,14.93,12.62,10.63,8.78,7.23,6.06,4.85,4,3.19,2.55,1.93,1.46,1.09,0.86,0.61,0.39,0.28,0.2,0.14,0.09,0.06
6213,13.0717468570891,3.07905334093912,0,0,0,0,0,0,0,0,0,0,0,0,0,0,0,0,0,0,0,0,0,0,0,0,0,0,0,0,0,0,0.01,0.01,0.01,0.04,0.08,0.09,0.12,0.2,0.35,0.56,0.77,1.02,1.54,2.21,2.88,3.83,4.81,5.88,7.43,8.79,10.14,89.86,88.56,86.89,85.16,83.5,81.84,79.94,77.58,74.43,70.88,66.01,60.09,52.82,45.43,37.3,29.24,22.37,16.46,11.59,7.47,4.9,2.95,1.6,0.77,0.3,0.12,0.05,0.02,0.02,0,0,0,0,0,0,0,0,0,0,0,0,0,0,0,0,0,0,0,0,0,0
6301,15.3649926936684,3.53388879148347,0,0,0,0,0,0,0,0,0,0,0,0,0,0,0,0,0,0,0,0,0,0,0,0,0,0,0,0,0,0.01,0.01,0.02,0.02,0.07,0.12,0.18,0.3,0.37,0.61,0.84,1.13,1.49,1.88,2.39,2.88,3.59,4.45,5.42,6.35,7.36,8.62,91.38,90.14,88.86,87.64,86.29,84.94,83.39,81.84,80.04,77.95,75.45,72.29,67.99,62.9,57.18,50.45,43.64,35.86,28.23,21.35,15.39,10.17,6.71,3.98,2.02,0.96,0.44,0.21,0.1,0.04,0.04,0.03,0.02,0.02,0,0,0,0,0,0,0,0,0,0,0,0,0,0,0,0,0
6302,12.9470645444397,3.47275842085008,0,0,0,0,0,0,0,0,0,0,0,0,0,0,0,0,0,0,0,0,0,0,0,0,0,0,0,0,0,0,0,0,0,0,0.01,0.01,0.02,0.05,0.07,0.13,0.17,0.27,0.43,0.74,1.17,1.66,2.43,3.36,4.65,5.85,7.46,92.54,90.99,89.16,87.42,85.49,83.47,81.76,79.34,76.34,72.92,67.74,61.89,54.8,47.14,38.18,29.46,21.79,15.11,9.72,5.98,3.38,1.87,0.72,0.36,0.1,0.04,0,0,0,0,0,0,0,0,0,0,0,0,0,0,0,0,0,0,0,0,0,0,0,0,0
6321,20.0172860211463,3.3019352086921,0,0,0,0,0,0,0,0,0,0,0,0,0,0,0,0,0,0,0,0,0,0,0,0,0,0,0,0,0,0,0,0,0,0,0,0,0.01,0.02,0.03,0.03,0.07,0.09,0.15,0.19,0.32,0.53,0.88,1.3,1.89,2.4,3.16,96.84,95.94,94.91,93.59,92.26,90.61,89.24,87.74,86.08,84.22,82.52,81.06,79.16,76.97,74.42,71.33,67.55,62.48,56.66,50.04,43.02,36.01,29.49,23.42,17.85,13.44,9.89,6.87,4.54,2.84,1.67,0.86,0.4,0.16,0.11,0.03,0.03,0,0,0,0,0,0,0,0,0,0,0,0,0,0
6322,47.640339635108,25.6713122616246,0,0,0,0,0,0,0,0,0,0,0,0,0,0,0,0,0,0,0,0,0.01,0.01,0.02,0.04,0.04,0.04,0.06,0.07,0.07,0.07,0.08,0.09,0.12,0.12,0.15,0.17,0.19,0.24,0.25,0.29,0.35,0.39,0.4,0.44,0.48,0.54,0.59,0.65,0.79,0.85,0.95,99.05,98.88,98.65,98.4,98.06,97.79,97.43,97.11,96.77,96.27,95.82,95.17,94.81,94.32,93.81,93.11,92.39,91.6,90.64,89.89,88.89,87.87,87.03,86.02,84.84,83.6,82.34,81.01,79.6,78.28,76.88,75.52,74.01,72.68,71.16,69.76,68.33,67.03,65.6,64.19,62.6,61.1,59.41,57.78,56.24,54.77,53.09,51.42,49.81,48.2,46.7
6323,10.9887125060625,5.60266452980166,0,0,0,0,0,0,0,0,0,0,0,0,0,0,0,0,0,0,0,0,0,0,0,0,0,0,0,0,0,0,0,0,0,0,0.01,0.05,0.12,0.15,0.2,0.4,0.57,0.88,1.36,1.88,2.49,3.25,4.21,5.48,6.95,8.49,10.03,89.97,88.31,86.58,84.87,82.79,80.38,77.4,74.02,70.17,65.14,60.48,54.26,48.12,41.5,34.92,29.03,23.52,18.48,14.04,10.48,7.94,5.76,4.22,2.96,2.07,1.37,0.86,0.55,0.35,0.18,0.1,0.02,0,0,0,0,0,0,0,0,0,0,0,0,0,0,0,0,0,0,0
6324,12.6899547816558,5.3665029093991,0,0,0,0,0,0,0,0,0,0,0,0,0,0,0,0,0,0,0,0,0,0,0,0,0,0,0,0,0,0,0,0,0,0.01,0.03,0.06,0.07,0.14,0.22,0.3,0.55,0.74,0.96,1.32,1.73,2.32,3.13,3.92,4.89,6.03,7.44,92.56,91.15,89.4,87.81,85.8,83.82,81.6,79.11,76.18,73,68.97,64.37,58.61,52.53,45.59,39.31,32.45,26.17,20.68,15.87,12.01,8.73,6.33,4.44,3.13,2.26,1.44,0.97,0.58,0.35,0.2,0.14,0.09,0.04,0.03,0.02,0.01,0,0,0,0,0,0,0,0,0,0,0,0,0,0
6341,20.5590707252554,8.90961683955971,0,0,0,0,0,0,0,0,0,0,0,0,0,0,0,0,0,0,0,0,0,0,0,0,0,0,0,0,0.01,0.01,0.03,0.06,0.09,0.12,0.16,0.21,0.28,0.4,0.51,0.7,0.88,1.22,1.58,2.12,2.65,3.42,4.12,4.88,5.76,6.84,7.99,92.01,90.79,89.63,88.47,87.01,85.52,83.89,82.04,80.38,78.57,76.46,74.44,72.21,69.9,67.48,65.01,62.23,59.13,55.71,52.29,48.94,45.62,42.11,38.63,35.46,32.01,28.92,26.04,22.98,20.33,17.97,15.64,13.73,12.11,10.53,9.13,7.79,6.52,5.44,4.7,3.95,3.24,2.54,1.91,1.56,1.25,1.01,0.83,0.69,0.51,0.41
6361,24.9104064304633,23.2264646300511,0.03,0.03,0.03,0.03,0.04,0.04,0.05,0.06,0.08,0.09,0.11,0.11,0.18,0.22,0.23,0.26,0.32,0.37,0.38,0.4,0.48,0.57,0.58,0.63,0.75,0.84,0.9,0.97,1.12,1.27,1.34,1.51,1.75,1.98,2.1,2.31,2.72,3.03,3.3,3.69,4.16,4.58,5.15,5.72,6.23,6.88,7.52,8.15,9.05,9.89,10.81,89.19,88.17,87.12,85.9,84.62,83.48,82.23,80.83,79.32,77.65,76.29,74.77,72.88,71.26,69.48,67.66,65.64,63.61,61.73,59.75,57.55,55.62,53.8,51.78,49.9,47.75,45.96,43.86,42.27,40.39,38.38,36.44,34.81,33.06,31.28,29.57,27.69,26.13,24.73,23.45,22.15,20.74,19.3,18.29,17.35,16.07,15.16,14.24,13.29,12.32,11.45
6363,14.6347422706005,13.7761077447588,0,0,0,0,0,0,0,0,0,0,0,0,0,0,0,0,0,0,0,0.01,0.02,0.02,0.02,0.02,0.03,0.04,0.05,0.05,0.07,0.13,0.15,0.16,0.2,0.29,0.39,0.46,0.57,0.77,0.94,1.13,1.49,1.98,2.39,2.95,3.76,4.58,5.64,6.77,8.34,9.88,11.79,88.21,86.33,84.26,82.11,80.12,77.46,75.03,72.24,69.32,66.39,63.61,60.89,58.11,55.24,52.23,49.32,46.46,43.6,40.51,37.86,34.92,32.42,29.78,27.27,24.85,22.64,20.58,18.64,16.64,14.8,13.18,11.45,10.03,8.75,7.77,6.62,5.87,5.02,4.42,3.87,3.38,2.85,2.35,1.92,1.66,1.45,1.18,1.03,0.84,0.72,0.56
6364,40.4561140655882,28.0046833091036,0.02,0.02,0.02,0.02,0.02,0.02,0.02,0.02,0.02,0.04,0.05,0.06,0.07,0.08,0.08,0.09,0.1,0.11,0.13,0.14,0.15,0.18,0.18,0.21,0.22,0.25,0.27,0.29,0.35,0.39,0.42,0.47,0.55,0.62,0.7,0.75,0.86,0.98,1.14,1.25,1.36,1.47,1.6,1.81,2.03,2.23,2.43,2.77,2.97,3.26,3.57,96.43,96.06,95.66,95.18,94.83,94.33,93.86,93.29,92.67,91.83,91.09,90.12,89.28,88.08,87,85.8,84.69,83.51,81.96,80.51,78.97,77.54,75.9,74.2,72.52,70.42,68.23,66.32,64.28,62.06,60.12,57.93,55.67,53.57,51.38,48.93,46.93,44.8,42.56,40.32,38.1,36.01,34.1,32.22,30.26,28.36,26.34,24.83,23.46,22.08,20.6
6365,32.7916129188469,24.000141686375,0,0,0,0,0,0,0,0,0,0,0.01,0.01,0.01,0.01,0.02,0.03,0.03,0.05,0.05,0.06,0.08,0.1,0.1,0.11,0.14,0.17,0.19,0.21,0.26,0.33,0.39,0.45,0.49,0.59,0.7,0.8,0.89,1.02,1.2,1.36,1.56,1.79,1.99,2.35,2.71,3.13,3.6,4.07,4.52,5.11,5.79,94.21,93.48,92.67,91.92,91.08,90.11,89.12,88.14,86.87,85.54,84.02,82.5,80.98,79.46,77.83,76.12,74.21,72.39,70.64,68.6,66.38,64.31,62.09,60.03,58.01,55.95,53.76,51.4,49.12,46.88,44.64,42.44,40.47,38.56,36.28,34.36,32.56,30.75,28.77,27.03,25.39,23.83,22.16,20.56,19.12,17.86,16.61,15.38,14.23,13.12,12.23
6366,27.6817671168416,20.2144907799013,0,0,0,0,0,0,0,0,0,0,0,0,0,0.01,0.01,0.02,0.04,0.05,0.05,0.05,0.06,0.08,0.09,0.13,0.13,0.17,0.21,0.26,0.33,0.39,0.44,0.55,0.67,0.75,0.83,0.98,1.18,1.38,1.59,1.88,2.13,2.44,2.86,3.32,3.71,4.27,4.7,5.27,6.08,6.79,7.52,92.48,91.51,90.61,89.69,88.69,87.32,86.07,84.74,83.32,81.71,80.02,78.19,76.38,74.6,72.74,70.47,68.15,66.25,64.06,61.71,59.23,56.87,53.97,51.56,49.16,46.8,44.14,41.95,39.67,37.32,35.1,33.17,31.01,28.91,26.87,25.09,23.54,21.95,20.39,18.94,17.53,16.08,14.95,13.79,12.69,11.48,10.57,9.62,8.72,8.01,7.21
6367,25.0531656012282,19.3364482862705,0,0,0,0,0,0,0,0,0,0,0.01,0.01,0.01,0.01,0.02,0.02,0.02,0.03,0.03,0.05,0.06,0.06,0.08,0.08,0.09,0.13,0.15,0.17,0.18,0.18,0.25,0.27,0.35,0.41,0.5,0.6,0.72,0.86,0.97,1.21,1.41,1.69,1.97,2.42,2.74,3.21,3.73,4.35,5.04,5.65,6.6,93.4,92.56,91.51,90,88.55,87.09,85.69,83.95,82.32,80.13,78,75.75,73.41,70.67,68.48,65.99,63.12,60.56,57.68,54.53,51.73,48.86,46.14,43.25,40.62,37.86,35.08,32.44,30.36,28.13,26.18,24.27,22.21,20.18,18.44,16.9,15.5,14.29,13.04,11.98,10.84,9.89,9.01,8.17,7.43,6.62,5.96,5.45,4.83,4.22,3.78
6381,13.7190018972673,3.13628966864821,0,0,0,0,0,0,0,0,0,0,0,0,0,0,0,0,0,0,0,0,0,0,0,0,0,0,0,0,0,0,0,0,0,0,0.02,0.02,0.03,0.04,0.08,0.15,0.27,0.46,0.79,1.35,2,2.79,3.65,4.84,6.42,7.99,9.65,90.35,88.47,86.52,84.74,83,81.18,79.03,76.58,73.68,70.16,65.86,60.59,54.11,47.17,39.23,31.77,25.12,18.67,13.36,8.74,5.68,3.48,1.93,0.95,0.49,0.2,0.09,0.04,0.03,0.01,0,0,0,0,0,0,0,0,0,0,0,0,0,0,0,0,0,0,0,0,0
6382,15.2567803451499,13.7812660735066,0,0,0,0,0,0,0,0,0,0,0,0,0,0,0,0,0,0,0,0,0.01,0.02,0.02,0.02,0.03,0.03,0.04,0.04,0.05,0.11,0.13,0.15,0.26,0.34,0.39,0.48,0.59,0.74,0.9,1.09,1.39,1.76,2.31,2.9,3.74,4.54,5.92,7.1,8.47,9.99,11.99,88.01,86.08,83.93,81.74,79.39,77.03,74.86,72.6,69.95,67.8,64.81,62.06,59.34,56.42,53.27,50.23,47.34,44.67,41.5,38.21,35.32,32.58,29.79,27.08,24.35,21.75,19.47,17.47,15.67,14.11,12.51,10.99,9.46,8.22,7.32,6.18,5.28,4.6,3.88,3.22,2.71,2.29,1.99,1.67,1.34,1.11,0.93,0.78,0.59,0.45,0.38
6402,13.9478479914207,9.91305277684897,0,0,0,0,0,0,0,0,0,0,0,0,0,0,0,0,0,0,0,0,0,0,0,0,0,0,0,0,0,0,0,0.01,0.01,0.01,0.02,0.05,0.05,0.1,0.17,0.23,0.32,0.48,0.68,0.97,1.34,1.84,2.41,3.1,4.2,5.53,7.04,92.96,91.09,89.14,87.09,84.77,82.25,79.48,76.68,73.66,70.8,67.51,64.19,60.86,57.12,53.29,49.48,45.63,41.64,37.45,33.19,29.45,25.95,22.47,19.3,16.41,13.6,11.38,9.69,7.94,6.36,5.09,4.01,3.19,2.44,1.86,1.4,1.02,0.74,0.41,0.3,0.21,0.16,0.12,0.07,0.05,0.03,0.01,0.01,0.01,0.01,0.01
6403,25.8525711568116,18.5468386344295,0,0,0,0,0,0,0,0,0,0,0,0,0.01,0.01,0.01,0.01,0.01,0.01,0.01,0.01,0.03,0.03,0.03,0.03,0.03,0.05,0.07,0.1,0.11,0.14,0.17,0.2,0.24,0.27,0.27,0.32,0.37,0.4,0.5,0.62,0.7,0.9,1.04,1.31,1.59,1.91,2.26,2.63,3.08,3.68,4.41,95.59,94.75,93.67,92.7,91.57,90.29,88.84,87.39,85.78,84.04,82.17,80.48,78.53,76.43,74.79,72.66,70.45,68.27,66.1,64.02,61.6,59.55,57.55,55.64,53.77,51.63,49.46,47.38,45.31,42.89,40.62,38.21,36.15,34.14,31.95,29.81,27.76,25.84,23.77,21.93,20.21,18.64,17.02,15.62,14.14,12.89,11.82,10.84,9.85,8.79,7.97
6428,-1.40376114196743,12.0670137665091,0,0,0,0,0,0,0,0,0.01,0.01,0.03,0.05,0.07,0.12,0.19,0.27,0.36,0.5,0.62,0.86,1.17,1.43,1.8,2.26,2.87,3.41,4.02,4.87,5.87,6.89,8.06,9.47,11.17,12.9,14.77,16.75,19.02,21.18,23.53,26,28.75,31.2,33.83,36.49,39.45,42.19,45.39,48.06,51.15,53.97,56.97,43.03,40.34,37.69,35.25,32.8,30.35,27.89,25.59,23.3,21.24,19.3,17.51,15.89,14.06,12.6,11.04,9.78,8.71,7.69,6.78,5.92,5.17,4.51,3.93,3.36,2.88,2.52,2.1,1.77,1.46,1.31,1.12,0.91,0.74,0.55,0.45,0.34,0.27,0.21,0.2,0.15,0.13,0.11,0.07,0.07,0.06,0.03,0.03,0.03,0.01,0.01
6461,25.5567829224442,11.749604010826,0,0,0,0,0,0,0,0,0,0,0,0,0,0,0,0,0,0,0,0,0,0,0,0,0,0,0,0.01,0.02,0.03,0.03,0.12,0.14,0.14,0.2,0.28,0.33,0.44,0.64,0.86,1.26,1.51,1.87,2.44,3.11,3.84,4.75,5.81,6.88,8.02,9.54,90.46,88.86,87.1,85.25,83.43,81.45,79.52,77.4,75.3,73.09,70.55,67.96,65.32,62.51,60.11,57.42,54.62,51.52,48.75,45.87,43.05,40.29,37.34,34.01,31.37,28.85,26.24,23.98,21.71,19.77,17.78,15.83,14.06,12.39,10.9,9.52,8.22,7.32,6.38,5.42,4.71,4.13,3.37,2.84,2.35,1.97,1.58,1.28,1.03,0.85,0.66
7201,13.5542306859018,2.95803427640175,0,0,0,0,0,0,0,0,0,0,0,0,0,0,0,0,0,0,0,0,0,0,0,0,0,0,0,0,0,0,0,0,0,0,0.03,0.03,0.05,0.07,0.11,0.17,0.28,0.46,0.7,1.13,1.69,2.32,3.26,4.42,5.52,6.97,8.5,91.5,89.89,87.76,85.79,83.87,81.71,78.96,76.12,72.53,67.98,62.73,56.3,49.02,40.76,32.95,25.83,19.15,13.3,8.76,5.73,3.68,2.2,1.31,0.82,0.42,0.25,0.13,0.04,0.02,0,0,0,0,0,0,0,0,0,0,0,0,0,0,0,0,0,0,0,0,0,0
7202,15.6253896989821,5.8415844190085,0,0,0,0,0,0,0,0,0,0,0,0,0,0,0,0,0,0,0,0,0,0,0,0,0,0,0,0,0,0,0.01,0.04,0.09,0.14,0.2,0.34,0.47,0.63,0.88,1.32,1.64,2.34,3.1,3.75,4.64,5.69,6.76,7.91,9.35,10.8,11.97,88.03,86.82,85.26,83.74,82.21,80.82,79.08,77.34,75.34,72.98,69.63,65.89,61.63,57.01,52.06,46.08,39.62,33.24,27.35,21.87,17.25,13.47,10.29,7.71,5.43,3.74,2.56,1.74,1.14,0.65,0.36,0.21,0.1,0.05,0.03,0.02,0.02,0.01,0,0,0,0,0,0,0,0,0,0,0,0,0
7203,14.5941033593702,6.90102153072067,0,0,0,0,0,0,0,0,0,0,0,0,0,0,0,0,0,0,0,0,0,0,0,0,0,0,0,0,0,0,0,0.01,0.01,0.02,0.04,0.14,0.22,0.3,0.43,0.68,1.01,1.33,1.93,2.67,3.44,4.3,5.68,6.78,8.25,9.68,11.43,88.57,86.81,85.1,83.14,81.17,79.4,77.46,75.36,72.88,70.02,66.62,62.71,58.3,53.65,48.65,42.94,37,31.33,25.96,21.02,16.71,13.06,9.93,7.38,5.16,3.59,2.56,1.69,1.22,0.84,0.52,0.36,0.27,0.15,0.07,0.04,0.02,0.01,0.01,0,0,0,0,0,0,0,0,0,0,0,0
7207,10.1470767465642,5.87225503058471,0,0,0,0,0,0,0,0,0,0,0,0,0,0,0,0,0,0,0,0,0,0,0,0,0,0,0,0,0,0,0,0,0,0,0,0.02,0.08,0.18,0.32,0.44,0.79,1.15,1.68,2.59,3.67,5.05,6.82,8.67,10.54,12.6,14.87,85.13,82.91,80.56,77.92,75.2,71.74,67.51,62.75,57.19,51.22,44.94,38.49,32.1,25.7,20.05,15.05,11.19,7.71,5.2,3.42,2.1,1.24,0.72,0.41,0.16,0.06,0.06,0.04,0.03,0.02,0.01,0,0,0,0,0,0,0,0,0,0,0,0,0,0,0,0,0,0,0,0
7208,16.8423977605924,8.41200224610473,0,0,0,0,0,0,0,0,0,0,0,0,0,0,0,0,0,0,0,0,0,0,0,0,0,0,0,0,0,0,0,0,0,0,0,0,0.02,0.02,0.04,0.09,0.13,0.22,0.35,0.48,0.68,1.04,1.42,1.95,2.62,3.41,4.24,95.76,94.64,93.44,91.99,90.42,88.45,86.62,84.52,82.32,80.1,77.51,74.8,71.92,68.94,65.57,62.19,58.25,54.27,50.13,45.67,41.24,37.16,33.16,29.02,25.28,21.64,18.35,15.38,12.95,10.61,8.78,6.97,5.59,4.46,3.52,2.81,2.15,1.54,1.18,0.79,0.62,0.41,0.3,0.2,0.13,0.08,0.06,0.05,0.04,0.03,0.01
7209,15.1753494290752,5.72455925686296,0,0,0,0,0,0,0,0,0,0,0,0,0,0,0,0,0,0,0,0,0,0,0,0,0,0,0.01,0.01,0.02,0.06,0.11,0.15,0.18,0.26,0.39,0.47,0.71,0.99,1.38,1.75,2.3,2.88,3.79,4.4,5.31,6.33,7.39,8.52,9.75,10.89,12.31,87.69,86.65,85.31,84.05,82.63,81.18,79.34,77.5,75.02,72.23,68.67,64.19,59.77,54.68,48.71,42.96,37.13,31.3,26.2,21.25,16.89,13.32,9.83,6.89,4.76,3.38,2.41,1.63,1.08,0.68,0.38,0.21,0.13,0.04,0.01,0.01,0.01,0.01,0.01,0.01,0,0,0,0,0,0,0,0,0,0,0
7213,19.4006379026135,4.75848970260943,0,0,0,0,0,0,0,0,0,0,0,0,0,0,0,0,0,0,0,0,0,0,0,0,0,0,0,0.01,0.01,0.01,0.02,0.03,0.04,0.07,0.08,0.08,0.12,0.14,0.26,0.43,0.63,0.88,1.16,1.43,1.81,2.24,2.83,3.43,4.06,4.89,5.82,94.18,93.21,92.2,91.1,89.93,88.73,87.48,86.49,85.22,83.77,82.17,80.54,78.71,75.77,72.28,68.22,63.29,57.58,51.37,44.3,37.43,30.75,24.14,18.77,13.91,10.1,7.3,5.07,3.7,2.42,1.66,1.12,0.67,0.45,0.28,0.15,0.06,0.05,0.03,0.03,0.01,0.01,0.01,0,0,0,0,0,0,0,0
7303,29.2759998767391,5.40379691286772,0,0,0,0,0,0,0,0,0,0,0,0,0,0,0,0,0,0,0,0,0,0,0,0,0,0,0,0,0,0,0,0.01,0.02,0.02,0.04,0.06,0.09,0.11,0.16,0.23,0.25,0.32,0.41,0.54,0.72,0.93,1.12,1.39,1.71,2.1,2.52,97.48,96.98,96.43,95.85,95.19,94.52,93.74,93.1,92.25,91.42,90.41,89.64,88.79,87.89,86.82,85.78,84.89,83.77,82.51,81.03,79.28,77.28,74.46,71.67,68.35,64.01,59.16,54.26,48.47,42.56,36.71,30.84,25.57,20.71,16.59,12.87,10.17,7.95,6.11,4.56,3.34,2.3,1.7,1.17,0.78,0.54,0.32,0.19,0.15,0.08,0.04
7342,11.0033316696196,6.14934923045634,0,0,0,0,0,0,0,0,0,0,0,0,0,0,0,0,0,0,0,0,0,0,0,0,0,0,0,0,0,0,0,0,0.03,0.08,0.16,0.27,0.38,0.62,0.93,1.33,2.05,2.79,3.84,4.91,6.2,7.6,9.21,10.97,12.54,14.29,15.78,84.22,82.74,80.93,78.57,76.29,73.17,69.9,65.39,60.26,54.98,49.35,42.96,36.54,30.44,25.11,20.03,15.4,11.17,7.81,5.28,3.56,2.45,1.56,0.94,0.51,0.27,0.16,0.09,0.06,0.04,0.02,0.02,0.01,0.01,0,0,0,0,0,0,0,0,0,0,0,0,0,0,0,0,0
7447,26.2904358226312,6.14999680824117,0,0,0,0,0,0,0,0,0,0,0,0,0,0,0,0,0,0,0,0,0,0,0,0,0,0,0,0,0,0,0,0,0,0.01,0.02,0.02,0.03,0.03,0.07,0.07,0.08,0.17,0.21,0.36,0.58,0.84,1.12,1.52,1.98,2.57,3.16,96.84,96.16,95.27,94.53,93.61,92.62,91.45,90.37,89.25,88.07,86.93,85.66,84.66,83.63,82.45,81.23,79.67,78,75.93,73.82,71.2,68.08,64.64,60.93,57.01,52.27,47.66,43.13,38.38,33.78,28.94,24.65,20.26,16.51,13.02,10.09,7.25,5.25,3.5,2.3,1.47,0.9,0.52,0.31,0.18,0.07,0.04,0.01,0,0,0
7545,11.0027125358736,6.46684690369745,0,0,0,0,0,0,0,0,0,0,0,0,0,0,0,0,0,0,0,0,0,0,0,0,0,0.01,0.02,0.02,0.02,0.02,0.04,0.08,0.1,0.12,0.24,0.31,0.43,0.66,0.89,1.18,1.57,1.94,2.55,3.24,4.1,5.04,6.31,7.8,9.63,11.83,14.2,85.8,83.24,80.51,77.22,73.54,69.07,64.46,59.5,54.24,49.01,43.79,38.59,33.84,29.5,25.56,21.91,19.02,15.93,13.27,11.2,9.35,7.58,6.1,4.87,3.91,3.21,2.66,2.2,1.75,1.48,1.18,0.87,0.71,0.51,0.39,0.26,0.17,0.12,0.1,0.08,0.08,0.05,0.05,0.02,0.02,0.01,0,0,0,0,0
9344,12.3947126386752,5.28124589144299,0,0,0,0,0,0,0,0,0,0,0,0,0,0,0,0,0,0,0,0,0,0,0,0,0,0,0,0,0,0,0,0,0,0,0,0,0,0.01,0.02,0.04,0.04,0.07,0.13,0.21,0.39,0.57,0.9,1.68,2.71,4.32,6.93,93.07,90.41,87.31,83.31,79.48,75.51,71.05,66.32,61.72,57.01,52.39,47.22,41.84,36.48,30.6,25.18,20.36,16.06,12.27,9.13,6.51,4.67,3.16,2.05,1.48,1.13,0.71,0.42,0.26,0.19,0.17,0.1,0.05,0.04,0.04,0.04,0.04,0.01,0,0,0,0,0,0,0,0,0,0,0,0,0
10206,26.6084728250127,12.570010786172,0,0,0,0,0,0,0,0,0,0,0,0,0,0,0,0,0,0,0,0,0,0,0,0,0,0,0,0.01,0.01,0.01,0.01,0.01,0.01,0.02,0.05,0.08,0.11,0.18,0.27,0.33,0.46,0.68,0.88,1.19,1.46,1.91,2.44,3.23,4.22,5.3,6.43,93.57,92.37,90.96,89.28,87.85,85.99,84.26,82.51,80.94,79.35,77.93,76.4,74.74,72.97,71.37,70.01,68.34,66.78,64.9,63.1,61.7,59.92,58.18,56.29,54.22,52.02,50.08,48.03,45.94,43.72,41.06,38.53,36.13,33.8,31.5,29.06,26.95,24.43,22.53,20.51,18.44,16.57,14.91,13.3,11.6,9.92,8.49,7.32,6.15,5.22,4.33
10208,3.90380939673212,11.1487667313675,0,0,0,0,0,0,0.01,0.01,0.01,0.01,0.01,0.01,0.01,0.01,0.01,0.02,0.02,0.04,0.08,0.08,0.1,0.1,0.15,0.2,0.25,0.28,0.32,0.38,0.47,0.56,0.73,0.84,1.14,1.54,1.95,2.44,3.17,4.07,4.79,5.82,7.08,9.03,11.09,13.49,16.11,18.92,22.12,25.25,27.95,31.19,34.58,65.42,62.1,58.7,55.31,52.13,49.01,46.04,42.66,40.04,37.64,35.31,32.92,30.34,28.11,26.05,23.94,22.2,20.35,18.61,17.07,15.1,13.6,12.45,11.04,9.63,8.51,7.28,6.29,5.46,4.65,3.73,3.04,2.61,2.1,1.75,1.38,1.08,0.83,0.66,0.51,0.42,0.31,0.25,0.18,0.13,0.1,0.09,0.08,0.05,0.05,0.04
15204,8.52767733630726,9.50415526203842,0,0,0,0,0,0,0,0,0,0,0,0,0,0,0,0,0,0,0,0,0.01,0.02,0.07,0.13,0.14,0.19,0.24,0.35,0.43,0.53,0.7,0.89,1.19,1.58,2.06,2.6,3.22,3.93,4.7,5.52,6.84,8.26,9.68,11.39,13.28,15.41,17.77,20.97,24.22,27.62,31.29,68.71,64.62,60.3,55.8,51,46.34,41.38,36.95,32.91,28.84,25.41,21.96,18.95,15.95,13.58,11.69,9.81,8.15,6.67,5.49,4.51,3.6,2.8,2.08,1.56,1.29,1,0.81,0.66,0.46,0.36,0.29,0.26,0.22,0.13,0.08,0.06,0.06,0.04,0.03,0.02,0.02,0.02,0.01,0.01,0.01,0.01,0.01,0.01,0.01,0.01
15206,33.1073777462808,13.7637626527053,0,0,0,0,0,0,0,0,0,0,0,0,0,0,0,0,0,0,0,0,0,0,0,0,0,0,0,0,0,0,0,0,0.01,0.02,0.02,0.02,0.03,0.04,0.07,0.08,0.09,0.11,0.17,0.23,0.27,0.37,0.43,0.62,0.86,1.05,1.3,98.7,98.42,98.03,97.52,96.93,96.35,95.65,94.87,93.95,92.54,90.94,89.49,88.01,86.35,84.34,82.19,79.7,77.39,74.65,71.64,68.59,65.55,62.35,59.14,55.66,52.26,49.14,45.94,42.5,39.4,36.24,33.28,30.69,28.21,25.71,23.28,21.4,19.53,17.68,15.85,14.23,12.84,11.48,10.16,9.06,7.96,7.08,6.12,5.4,4.63,4
15209,13.2991558435252,9.77778133665375,0,0,0,0,0,0,0,0,0,0,0,0,0,0,0,0,0,0,0,0,0,0,0,0,0.01,0.01,0.01,0.01,0.02,0.03,0.05,0.08,0.11,0.16,0.21,0.35,0.47,0.64,0.94,1.1,1.37,1.7,2.19,2.78,3.44,4.34,5.33,6.34,7.58,9.16,10.87,89.13,87.23,84.9,82.09,79.44,76.14,72.69,68.71,64.91,60.71,56.57,51.95,47.53,42.94,38.94,34.52,30.46,26.52,23.1,20.06,17.13,14.52,12.32,10.39,8.47,6.94,5.58,4.32,3.56,2.8,2.12,1.57,1.28,0.98,0.75,0.55,0.37,0.27,0.18,0.12,0.08,0.06,0.03,0.03,0,0,0,0,0,0,0
15211,30.8033078679438,14.8493612307754,0,0,0,0,0,0,0,0,0,0,0,0,0,0,0,0,0.01,0.03,0.03,0.03,0.03,0.04,0.06,0.07,0.07,0.1,0.11,0.11,0.13,0.14,0.16,0.25,0.27,0.29,0.36,0.43,0.52,0.6,0.69,0.79,0.93,1.05,1.14,1.37,1.57,1.88,2.19,2.63,3.08,3.51,3.96,96.04,95.36,94.74,94.29,93.63,92.85,92.14,91.14,90.24,89.22,88.02,86.81,85.55,84.03,82.59,81.13,79.19,77.39,75.33,73.31,70.88,68.5,66.22,63.87,61.51,59.02,56.48,54,51.46,48.72,46.02,43.39,40.84,38.29,35.96,33.24,30.44,28.15,25.94,23.89,21.83,20.05,18.39,16.51,14.73,13.35,11.89,10.63,9.49,8.5,7.39
15213,14.8110068533893,11.5574097248875,0,0,0,0,0,0,0,0,0,0,0,0,0,0,0,0,0,0,0,0,0,0.01,0.02,0.02,0.03,0.05,0.09,0.11,0.12,0.16,0.21,0.28,0.36,0.46,0.51,0.64,0.8,1.1,1.38,1.74,2.11,2.42,2.93,3.66,4.39,5.12,6.01,6.98,7.93,9.3,10.79,89.21,87.61,86.03,84.35,82.46,80.63,78.45,76.24,73.96,71.42,68.96,66.37,63.58,60.82,58.19,55.02,51.75,48.73,45.74,42.79,39.84,36.92,34.03,31.1,28.45,26.06,23.77,21.69,19.39,17.49,15.39,13.79,12.43,10.81,9.53,8.47,7.43,6.54,5.57,4.92,4.19,3.62,3.15,2.7,2.21,1.88,1.62,1.4,1.15,1.01,0.87
15224,10.1489062875284,9.08026572237741,0,0,0,0,0,0,0,0,0,0,0,0,0,0,0,0,0,0,0,0,0,0,0,0,0,0,0,0,0,0,0.01,0.01,0.01,0.02,0.03,0.06,0.08,0.18,0.31,0.49,0.75,1.16,1.64,2.18,2.97,3.86,5.11,6.48,8.28,10.13,12.22,87.78,85.26,82.61,79.78,76.52,73.39,70,66.61,63.17,59.69,55.88,51.36,47.45,43.42,39.43,35.74,31.89,28.23,24.59,21.44,18.32,15.59,13.5,11.36,9.43,7.8,6.3,5.01,4.03,3.23,2.27,1.7,1.17,0.86,0.53,0.41,0.28,0.2,0.13,0.06,0.04,0.03,0.01,0,0,0,0,0,0,0,0
15307,16.7978045670279,12.0077448940983,0,0,0,0,0,0,0,0,0,0,0,0,0,0,0,0,0,0,0,0,0,0,0,0,0.01,0.01,0.03,0.03,0.05,0.05,0.06,0.09,0.13,0.18,0.24,0.3,0.36,0.46,0.63,0.79,0.91,1.21,1.67,2.12,2.45,3.05,3.78,4.6,5.6,6.64,7.81,92.19,90.86,89.51,88.09,86.52,84.78,82.66,80.63,78.24,75.74,73.32,70.72,68.21,65.51,62.61,59.38,56.37,53.68,50.49,47.77,44.56,41.53,38.78,35.86,32.74,29.84,27.14,24.56,22.34,20.18,18.09,16.35,14.5,12.65,11.15,9.73,8.37,7.13,6.26,5.31,4.53,3.95,3.33,2.77,2.21,1.8,1.43,1.17,0.95,0.79,0.66
15361,10.8449064298393,13.0231966810419,0,0,0,0,0,0,0,0,0,0,0,0,0,0,0,0.01,0.02,0.02,0.04,0.04,0.05,0.06,0.09,0.09,0.13,0.13,0.13,0.16,0.22,0.26,0.34,0.39,0.48,0.57,0.7,0.83,1.17,1.45,1.84,2.39,2.91,3.6,4.47,5.47,6.56,7.91,9.34,11.05,12.96,14.98,17.29,82.71,80.52,78.07,75.36,73.19,70.74,68.12,65.58,62.71,59.49,56.74,53.7,50.64,47.55,44.52,41.55,38.54,35.55,32.58,29.83,27.27,25,22.48,20.2,18.42,16.64,14.95,13.29,12,10.56,9.45,8.35,7.26,6.55,5.84,5.23,4.6,3.99,3.42,3.04,2.67,2.32,2.07,1.74,1.44,1.22,1.11,0.92,0.83,0.66,0.55
16323,182.986452105035,54.6852540457147,1.05,1.06,1.08,1.11,1.14,1.16,1.19,1.24,1.28,1.37,1.4,1.43,1.45,1.5,1.56,1.61,1.7,1.75,1.79,1.86,1.92,1.96,2.01,2.06,2.11,2.2,2.27,2.34,2.42,2.45,2.54,2.59,2.6,2.71,2.72,2.83,2.91,3.01,3.09,3.21,3.26,3.42,3.51,3.63,3.76,3.87,3.96,4.07,4.15,4.3,4.4,95.6,95.49,95.39,95.3,95.2,95.05,94.95,94.78,94.64,94.49,94.33,94.2,94.12,93.96,93.83,93.73,93.59,93.45,93.23,93.05,92.94,92.8,92.69,92.53,92.41,92.28,92.08,91.97,91.82,91.64,91.46,91.21,91.01,90.76,90.6,90.44,90.26,89.95,89.73,89.52,89.36,89.18,89.01,88.73,88.51,88.28,88.04,87.79,87.47,87.17,86.95
19201,17.9556732410444,7.08511149358915,0,0,0,0,0,0,0,0,0,0,0,0,0,0,0,0,0,0,0,0,0,0,0,0,0,0,0,0,0,0,0,0,0,0,0.01,0.01,0.07,0.09,0.12,0.26,0.44,0.7,1.21,1.93,2.72,3.92,5.81,7.8,10.01,12.8,15.62,84.38,81.34,78.11,74.71,71.2,67.58,63.79,60.04,56.41,53.18,49.64,46.32,43.05,40.11,37.57,34.43,31.68,29.29,26.66,24.53,22.53,20.52,18.49,16.86,15.11,13.32,11.84,10.39,9.29,8.24,7.21,6.38,5.62,4.89,4.36,3.84,3.43,3.03,2.71,2.37,1.97,1.73,1.46,1.21,1.02,0.82,0.7,0.6,0.49,0.34,0.28
20201,10.5370355014859,4.13826328796641,0,0,0,0,0,0,0,0,0,0,0,0,0,0,0,0,0,0,0,0,0,0,0,0,0,0,0,0,0,0,0,0,0,0,0,0,0.01,0.01,0.02,0.02,0.07,0.16,0.32,0.61,1.14,2.15,3.27,4.89,6.97,9.84,13.52,86.48,81.87,76.25,70.35,64.1,57.49,51.8,45.86,39.7,33.77,27.64,22.97,18.27,14.32,10.99,7.99,6.15,4.49,3.27,2.22,1.41,0.97,0.65,0.35,0.18,0.09,0.07,0.05,0.03,0,0,0,0,0,0,0,0,0,0,0,0,0,0,0,0,0,0,0,0,0,0
20202,20.2266896663188,10.0027714242285,0,0,0,0,0,0,0,0,0,0,0,0,0,0,0,0,0,0,0,0,0,0,0,0,0,0,0,0,0,0,0.01,0.01,0.01,0.01,0.01,0.01,0.02,0.02,0.03,0.03,0.03,0.08,0.13,0.43,0.94,2.09,4.14,7.21,11.22,14.8,18.06,81.94,79.53,77.43,75.61,72.82,69.26,64.23,58.79,52.03,46.49,41.16,36.91,33.83,31.71,29.64,28.05,26.13,24.37,22.69,21.02,19.62,18.33,16.66,15.05,13.72,12.2,10.92,9.62,8.48,7.23,6,5.12,4.25,3.5,2.74,2.34,1.85,1.48,1.15,0.92,0.7,0.6,0.45,0.34,0.27,0.19,0.16,0.13,0.08,0.04,0.02
20203,13.1868293365593,6.7299388033046,0,0,0,0,0,0,0,0,0,0,0,0,0,0,0,0,0,0,0,0,0,0,0,0,0,0,0,0,0.01,0.04,0.07,0.19,0.34,0.5,0.87,1.41,2.23,3.45,5.02,6.83,9.01,11.17,13.52,15.83,18.12,20.2,22.58,25.18,28.18,31.57,36.38,63.62,58.26,52.44,46.52,41.39,37.49,34.45,32.13,29.94,27.87,25.98,23.94,21.89,19.95,18,16.09,14.3,12.47,10.8,9.27,7.9,6.73,5.54,4.38,3.63,2.92,2.48,2.02,1.56,1.3,0.99,0.8,0.68,0.52,0.44,0.37,0.25,0.16,0.11,0.07,0.06,0.05,0.04,0.02,0.01,0,0,0,0,0,0
20205,14.5029782112083,14.7845399893829,0,0,0,0,0,0,0,0,0,0,0,0,0,0,0,0,0,0.02,0.02,0.04,0.05,0.07,0.09,0.09,0.13,0.13,0.14,0.16,0.19,0.25,0.33,0.41,0.46,0.65,0.83,1.06,1.38,1.86,2.38,3.07,3.83,4.66,5.87,6.99,8.54,10.03,12.07,14.2,16.52,18.93,22.01,77.99,74.99,71.69,68.1,64.75,60.78,56.78,53.32,49.67,46.53,43.4,40.22,37.03,34.06,31.53,28.83,26.45,24.5,22.64,20.76,19.02,17.3,15.69,14.13,12.76,11.51,10.44,9.46,8.7,7.77,7,6.22,5.58,4.92,4.28,3.88,3.36,2.91,2.48,2.08,1.77,1.64,1.31,1.19,1.05,0.85,0.73,0.63,0.48,0.42,0.36
20206,43.1916156842239,12.7576545907057,0,0,0,0,0,0,0,0,0,0,0,0,0,0,0,0,0,0,0,0,0,0,0,0,0,0,0,0,0,0,0,0,0,0,0,0,0,0,0,0,0,0,0,0,0,0.01,0.02,0.03,0.03,0.06,0.1,99.9,99.85,99.73,99.63,99.48,99.18,98.82,98.22,97.28,96.44,95.19,93.67,91.99,89.92,87.81,85.87,83.78,81.47,79.27,77.06,74.61,72.06,69.48,66.51,63.56,60.15,56.86,53.65,50.53,47.44,44.32,41.33,38.68,36.41,34.33,32.66,30.86,29.13,27.49,25.96,24.68,23.41,22.12,21.11,19.91,18.63,17.47,16.12,14.98,13.91,12.64
20207,12.4965159674672,4.10643895543338,0,0,0,0,0,0,0,0,0,0,0,0,0,0,0,0,0,0,0,0,0,0,0,0,0,0,0,0,0,0,0,0,0,0,0,0.01,0.02,0.03,0.11,0.17,0.43,0.64,1.02,1.46,2.33,3.34,4.69,6.61,8.82,11.43,14.49,85.51,82.04,78.57,74.86,71.47,67.45,63.23,58.9,54.49,49.88,44.83,39.65,34.57,29.51,24.7,20.09,16.37,12.85,9.82,7.61,5.71,4.3,3.39,2.57,1.86,1.27,0.88,0.63,0.46,0.34,0.23,0.15,0.13,0.06,0.04,0.02,0.01,0,0,0,0,0,0,0,0,0,0,0,0,0,0
20208,29.4704983176167,6.82550593155032,0,0,0,0,0,0,0,0,0,0,0,0,0,0,0,0,0,0,0,0,0,0,0,0,0,0,0,0,0,0,0,0,0.01,0.01,0.01,0.02,0.04,0.09,0.1,0.19,0.35,0.5,0.8,1.25,1.67,2.41,3.23,4.34,5.3,6.7,8.22,91.78,89.86,88.19,85.98,83.66,81.46,79.55,77.65,75.45,73.47,71.62,69.39,67.28,64.33,61.05,57.87,53.74,50,46.16,42.74,40.04,37.13,34.86,32.63,30.91,28.94,27.12,25.06,23.49,21.72,20.04,18.1,16.41,14.62,13.09,11.65,10.08,8.78,7.74,6.67,5.88,5.17,4.41,3.82,3.31,2.74,2.21,1.86,1.53,1.28,1.11
20209,20.6588531059834,16.9882741856673,0,0,0,0.01,0.01,0.01,0.01,0.01,0.01,0.01,0.01,0.01,0.01,0.02,0.02,0.02,0.02,0.02,0.02,0.02,0.03,0.04,0.04,0.04,0.04,0.04,0.04,0.05,0.05,0.09,0.14,0.2,0.25,0.34,0.49,0.63,0.9,1.25,1.73,2.39,3.26,4.36,5.44,6.5,7.62,8.82,10.53,12.76,15.07,17.57,20.12,79.88,77.21,74.14,71.24,68.11,64.88,61.79,58.96,55.92,52.94,50.02,47.21,44.03,41.19,38.81,36.5,34.14,31.93,29.87,27.86,26.14,24.38,22.82,21.44,20,18.81,17.75,16.63,15.61,14.71,13.53,12.36,11.29,10.48,9.7,9.07,8.35,7.63,6.95,6.26,5.57,5.08,4.53,4.16,3.73,3.32,2.92,2.67,2.41,2.23,1.94
20210,20.6641659952157,18.0957501990193,0.01,0.01,0.01,0.01,0.01,0.01,0.01,0.01,0.01,0.01,0.01,0.01,0.01,0.02,0.02,0.02,0.02,0.03,0.03,0.03,0.05,0.07,0.09,0.1,0.11,0.14,0.18,0.22,0.28,0.36,0.41,0.47,0.56,0.68,0.88,1.16,1.49,1.84,2.24,2.74,3.39,4.29,5.28,6.37,7.74,9.02,10.66,12.36,14.5,16.82,19.11,80.89,78.34,75.58,72.53,69.71,66.8,63.88,61.05,58.15,55.55,52.57,49.53,46.71,44.33,42.18,39.77,37.4,35.04,32.65,30.81,28.92,27.06,25.23,23.53,22.25,20.89,19.78,18.55,17.15,15.8,14.67,13.63,12.78,11.75,10.88,10.17,9.34,8.62,7.86,7.31,6.68,6.1,5.5,5.05,4.61,4.3,3.85,3.4,3.04,2.68,2.38
20211,8.59650567505825,3.12489355419652,0,0,0,0,0,0,0,0,0,0,0,0,0,0,0,0,0,0,0,0,0,0,0,0,0,0,0,0,0,0,0,0,0,0,0,0,0,0,0,0,0,0,0,0.01,0.02,0.05,0.2,0.56,1.53,3.04,5.16,94.84,91.43,87.26,82.91,78.6,73.84,68.11,61.83,54.97,46.93,38.18,28.48,19.44,11.54,6.41,2.92,1.17,0.39,0.08,0.02,0.01,0,0,0,0,0,0,0,0,0,0,0,0,0,0,0,0,0,0,0,0,0,0,0,0,0,0,0,0,0,0
20215,35.6196228188797,10.0007819470597,0,0,0,0,0,0,0,0,0,0,0,0,0,0,0,0,0,0,0,0,0,0,0,0,0,0,0,0,0,0,0,0,0,0,0,0,0,0,0,0,0,0,0,0,0,0,0,0,0,0,0,100,99.99,99.99,99.99,99.99,99.99,99.95,99.92,99.82,99.54,98.92,97.78,95.44,92.06,88.71,84.85,81.6,78.7,76.47,73.87,70.61,66.49,61.12,55.25,49.48,43.82,39.64,35.94,33.24,31,29.08,27.26,25.4,23.71,22.14,20.47,18.79,17.3,15.8,14.3,12.75,11.38,10.1,8.88,7.69,6.71,5.76,4.84,4.03,3.4,2.75
20217,25.9823690249163,6.515954920666,0,0,0,0,0,0,0,0,0,0,0,0,0,0,0,0,0,0,0,0,0,0,0,0,0,0,0,0,0,0,0,0,0,0.03,0.04,0.04,0.1,0.19,0.28,0.5,0.7,1.04,1.62,2.21,3,4.11,5.35,6.71,8.48,10.34,12.43,87.57,85.69,83.57,81.37,79.28,77.47,75.51,73.39,71.31,69.09,66.68,63.79,60.65,57.25,53.57,49.87,46.47,42.74,39.4,36.39,33.68,31.09,29.25,27.34,25.49,23.56,21.36,19.28,17.41,15.4,13.36,11.61,9.98,8.58,7.32,6.24,5.35,4.56,3.83,3.26,2.79,2.44,2.09,1.73,1.43,1.1,0.86,0.79,0.71,0.65,0.54
20218,23.4990434988723,8.19476397410129,0,0,0,0,0,0,0,0,0,0,0,0,0,0,0,0,0,0,0,0,0,0,0,0,0,0,0,0.01,0.01,0.01,0.01,0.01,0.02,0.03,0.04,0.09,0.14,0.2,0.35,0.66,0.98,1.37,1.93,2.8,3.97,5.17,6.76,8.35,10.02,11.64,13.4,86.6,84.86,82.9,80.87,78.42,75.72,72.25,68.81,64.58,59.45,54.05,48.62,43.83,39.7,36.47,33.85,32.15,30.28,28.67,27.06,25.45,23.77,22,20.28,18.49,16.81,15.17,13.72,12.14,11,9.63,8.32,7.26,6.13,5.22,4.49,3.7,3.07,2.65,2.24,1.93,1.62,1.31,0.96,0.77,0.56,0.44,0.36,0.3,0.23,0.17
20219,21.0392062274179,6.26379824107397,0,0,0,0,0,0,0,0,0,0,0,0,0,0,0,0,0,0,0,0,0,0,0,0,0,0,0,0.01,0.01,0.06,0.12,0.22,0.31,0.45,0.67,0.97,1.37,1.84,2.73,3.75,4.7,5.82,7.17,8.75,10.48,12.25,14.28,16.49,18.3,20.1,22.38,77.62,75.85,73.61,71.53,69.44,66.71,63.4,59.28,54.68,49.73,45.31,41.68,38.51,36.11,33.87,32.11,30.23,27.93,26.17,23.99,22.34,20.4,18.1,15.76,14.07,12.3,10.58,9.14,7.63,6.43,5.44,4.55,3.58,2.94,2.41,1.95,1.57,1.28,1.09,0.9,0.72,0.61,0.46,0.36,0.28,0.22,0.19,0.14,0.08,0.05,0.03
20220,20.3968827533464,9.68645865634678,0,0,0,0,0,0,0,0,0,0,0,0,0,0,0,0,0,0,0,0,0,0,0,0,0,0,0,0,0,0,0,0,0,0,0,0,0,0,0,0.01,0.06,0.15,0.37,0.75,1.57,2.82,4.5,6.91,9.78,12.6,15.73,84.27,81.43,79.23,76.8,73.78,70.45,65.99,60.53,54.97,49.33,43.77,39.27,35.43,32.53,30.4,28.39,26.59,25.12,23.66,21.94,20.15,18.25,16.64,14.99,13.45,11.82,10.53,9.41,8.18,7.01,5.99,4.91,4.04,3.43,2.71,2.3,1.93,1.52,1.2,0.98,0.79,0.58,0.44,0.37,0.28,0.2,0.18,0.17,0.12,0.09,0.07
20349,32.8297706865729,9.09754696971834,0,0,0,0,0,0,0,0,0,0,0,0,0,0,0,0,0,0,0,0,0,0,0,0,0,0,0,0,0,0,0,0,0,0,0.02,0.02,0.02,0.05,0.13,0.25,0.53,0.79,1.06,1.59,2.17,2.88,3.82,4.93,6.17,7.48,9.03,90.97,89.24,87.77,86.07,84.58,83.26,81.95,80.59,79.27,77.62,75.85,73.72,71.22,68.24,64.36,60.24,55.66,50.75,46.29,42.57,39.38,37.1,35.41,33.62,32.13,30.73,29.31,28.06,26.8,25.41,23.77,22.3,20.88,19.19,17.78,16.33,14.86,13.32,12.13,10.63,9.44,8.34,7.47,6.54,5.75,5.03,4.37,3.84,3.41,2.96,2.4
20384,24.1048440330216,19.1132999237749,0,0,0,0,0,0,0,0,0,0,0,0,0,0.01,0.01,0.02,0.03,0.04,0.05,0.07,0.07,0.09,0.11,0.15,0.19,0.24,0.3,0.36,0.46,0.53,0.66,0.88,1.08,1.24,1.53,1.92,2.23,2.64,3.23,3.77,4.47,5.03,5.9,6.71,8,9.21,10.55,12.02,13.59,15.28,17.15,82.85,80.74,78.43,76.15,73.8,71.38,69.13,66.71,64.09,61.5,58.91,56.6,54.08,51.55,49.34,46.81,44.46,42.18,40.01,37.49,35.5,33.43,31.59,29.58,27.76,26.08,24.57,23.13,21.63,20.19,19.06,18.02,16.79,15.71,14.68,13.94,13.07,12.14,11.38,10.59,9.89,9.21,8.54,7.77,6.96,6.44,5.94,5.53,5.05,4.52,3.99
20386,23.8268186005261,18.0199443363539,0,0,0,0,0,0,0,0,0.01,0.01,0.01,0.01,0.01,0.01,0.01,0.02,0.02,0.02,0.02,0.02,0.04,0.04,0.05,0.08,0.11,0.11,0.14,0.18,0.22,0.24,0.28,0.34,0.42,0.5,0.61,0.78,1.03,1.26,1.54,1.81,2.32,2.93,3.47,4.3,5.16,6.11,7.14,8.21,9.29,10.9,12.69,87.31,85.42,83.2,81.05,78.74,76.23,73.62,71.03,68.21,65.44,62.37,59.84,56.96,53.91,50.95,48.13,45.33,42.66,40.36,37.78,35.43,33.49,31.56,29.74,27.77,25.68,23.99,22.32,21,19.69,18.42,17.18,16.07,14.97,13.96,12.91,12.03,11.21,10.31,9.54,8.81,8.17,7.45,6.88,6.29,5.76,5.34,4.81,4.35,3.93,3.49
20403,13.5357392271599,15.9476921526589,0,0,0,0,0,0.01,0.01,0.01,0.01,0.01,0.02,0.02,0.02,0.02,0.02,0.03,0.05,0.06,0.07,0.14,0.15,0.18,0.26,0.3,0.37,0.45,0.52,0.62,0.82,1.02,1.23,1.53,1.81,2.18,2.75,3.36,4.15,4.95,5.91,7.2,8.49,9.99,11.87,13.62,15.51,17.99,20.45,22.98,25.87,28.82,31.78,68.22,65.04,62.21,59.05,55.88,52.64,49.25,45.83,42.59,39.52,36.97,34.35,31.87,29.64,27.49,25.55,23.63,21.88,20.28,18.98,17.46,16.19,14.73,13.59,12.59,11.46,10.43,9.56,8.71,7.82,6.98,6.27,5.57,4.87,4.44,4.01,3.6,3.17,2.75,2.48,2.17,1.86,1.52,1.27,1.11,0.94,0.78,0.69,0.58,0.52,0.44
20407,2.83953476574541,12.5514754723097,0,0,0,0,0,0,0,0,0,0.01,0.03,0.05,0.06,0.07,0.08,0.11,0.15,0.19,0.26,0.33,0.42,0.6,0.74,0.96,1.22,1.68,2.09,2.64,3.03,3.67,4.45,5.65,6.94,7.97,9.3,10.96,13.03,15.04,17.33,19.71,22.53,25.33,28.37,31.65,34.61,37.82,41.48,45.35,48.85,52.31,55.97,44.03,40.56,37.58,34.49,31.33,28.48,26.01,23.76,21.51,19.35,17.52,15.81,14.31,13.09,11.68,10.66,9.75,8.93,7.95,7.07,6.26,5.44,4.88,4.28,3.73,3.22,2.69,2.31,1.99,1.74,1.51,1.21,0.98,0.74,0.61,0.55,0.49,0.39,0.3,0.27,0.22,0.17,0.11,0.09,0.07,0.06,0.05,0.04,0.02,0.01,0.01
20411,9.44806222391284,14.0766095752104,0,0,0,0,0,0,0,0,0,0,0,0.01,0.01,0.01,0.01,0.02,0.02,0.02,0.02,0.02,0.02,0.04,0.04,0.06,0.09,0.11,0.16,0.22,0.29,0.37,0.53,0.79,0.95,1.16,1.43,1.86,2.32,2.91,3.54,4.32,5.38,6.57,8.12,9.92,11.73,14.3,16.86,19.36,22.45,25.76,29.14,70.86,67.62,63.69,59.6,55.88,52.22,48.62,44.8,41.2,37.75,34.12,31.07,28.35,25.58,23.41,21.09,18.98,17.33,15.76,14.1,12.64,11.28,10.17,8.99,7.98,7.06,6.18,5.45,4.86,4.34,3.75,3.21,2.8,2.44,2.03,1.77,1.47,1.22,1.05,0.8,0.69,0.54,0.4,0.3,0.26,0.23,0.18,0.15,0.11,0.09,0.06
20416,21.1366364389881,16.3836026407407,0,0,0,0,0,0,0,0,0,0,0.01,0.01,0.01,0.01,0.01,0.01,0.01,0.01,0.02,0.02,0.02,0.02,0.02,0.02,0.04,0.04,0.05,0.08,0.12,0.12,0.16,0.2,0.23,0.31,0.4,0.47,0.62,0.8,1.01,1.29,1.65,2.04,2.51,3.24,3.92,4.73,5.85,7.31,8.62,10.23,12.39,87.61,85.59,83.14,80.77,78.22,75.33,72.23,69.3,65.89,62.61,59.46,55.86,52.57,49.48,46.1,43.02,39.99,37.41,34.81,32.41,30.28,28.3,26.25,24.26,22.84,21.36,19.94,18.57,17.15,15.98,14.74,13.67,12.86,11.77,10.83,10.18,9.38,8.6,7.78,7.16,6.45,5.95,5.2,4.71,4.21,3.72,3.26,2.87,2.57,2.2,1.92
20450,26.561222650962,7.89438406790219,0,0,0,0,0,0,0,0,0,0,0,0,0,0,0,0,0,0,0,0,0,0,0,0,0,0,0,0,0,0,0,0,0,0,0,0,0,0,0,0,0,0,0,0,0.01,0.01,0.04,0.13,0.29,0.57,1.14,98.86,97.54,95.54,93.05,90.13,87.01,83.94,81.46,79.45,77.49,75.03,71.85,67.86,62.56,56.64,49.81,44.1,39.27,35.79,33.28,31.26,29.58,28.08,26.56,24.69,22.93,21.13,19.2,17.47,15.8,14.14,12.27,10.41,8.77,7.51,6.34,5.37,4.47,3.58,2.87,2.3,1.82,1.4,1.03,0.79,0.58,0.4,0.33,0.23,0.13,0.1
20521,29.3900690230154,8.2112255923893,0,0,0,0,0,0,0,0,0,0,0,0,0,0,0,0,0,0,0,0,0,0,0,0,0,0,0,0,0,0,0.01,0.01,0.01,0.03,0.07,0.15,0.25,0.36,0.54,0.74,1.03,1.48,1.9,2.51,3.16,4.04,5.23,6.19,7.62,9.21,10.64,89.36,87.7,85.75,84.1,82.38,80.8,79.12,77.23,75.1,72.92,70.09,66.97,63.23,58.87,54.24,49.61,45.56,42.18,39.28,36.9,34.91,32.98,31.38,29.86,28.39,26.95,25.12,23.54,21.96,20.46,18.77,17.25,15.49,14.01,12.56,11.12,9.68,8.4,7.31,6.43,5.53,4.88,4.14,3.53,3,2.53,2.16,1.85,1.51,1.23,1.09
20541,11.2677532903194,3.42535265455654,0,0,0,0,0,0,0,0,0,0,0,0,0,0,0,0,0,0,0,0,0,0,0,0,0,0,0,0,0,0,0,0,0,0,0,0.01,0.01,0.05,0.11,0.21,0.35,0.57,1.05,1.62,2.46,3.71,5.13,7.2,9.53,12.38,15.17,84.83,81.81,78.47,75.09,72.01,68.59,64.79,61.27,56.71,51.42,45.68,39.39,33.05,27.12,21.33,16.16,12.38,8.91,6.34,4.46,2.94,1.96,1.25,0.78,0.43,0.29,0.18,0.11,0.06,0.03,0.01,0.01,0.01,0.01,0,0,0,0,0,0,0,0,0,0,0,0,0,0,0,0,0
20561,14.4075191986948,4.18832295146954,0,0,0,0,0,0,0,0,0,0,0,0,0,0,0,0,0,0,0,0,0,0,0,0,0,0,0,0,0,0,0,0,0,0,0,0,0,0,0,0,0,0,0,0,0.01,0.04,0.1,0.23,0.52,0.92,1.65,98.35,97.35,95.71,93.62,91.29,88.57,85.56,82.73,79.63,76.02,72.38,68.03,63.87,59.2,54.2,48.52,41.92,34.8,27.48,20.07,14.1,9.39,5.68,3.34,1.89,1.06,0.5,0.19,0.1,0.05,0.01,0.01,0,0,0,0,0,0,0,0,0,0,0,0,0,0,0,0,0,0,0
20590,11.6819388500793,3.93074322689665,0,0,0,0,0,0,0,0,0,0,0,0,0,0,0,0,0,0,0,0,0,0,0,0,0,0,0,0,0,0,0,0,0,0,0,0,0,0,0,0,0.01,0.03,0.15,0.27,0.52,0.87,1.5,2.45,3.7,5.31,7.39,92.61,90.06,87.24,83.92,80.46,76.98,73.71,69.99,65.94,61.71,56.77,51.21,45.83,39.46,32.95,26.83,21.53,16.47,12.08,8.33,5.32,3.22,1.8,1.02,0.52,0.2,0.07,0.04,0.01,0.01,0,0,0,0,0,0,0,0,0,0,0,0,0,0,0,0,0,0,0,0,0
21203,-5.74209147219431,12.5708127279079,0.27,0.33,0.4,0.46,0.53,0.61,0.7,0.8,0.95,1.11,1.28,1.53,1.69,1.94,2.28,2.56,2.96,3.52,3.87,4.33,4.83,5.47,6.19,6.77,7.49,8.36,9.44,10.55,11.68,12.89,14.47,15.88,17.4,19.35,21.38,23.53,25.97,28.52,31.24,34.03,37.17,40.3,43.42,46.95,50.05,53.53,56.83,60.08,63.51,66.43,69.4,30.6,27.67,24.91,22.52,20.47,18.38,16.43,14.49,12.8,11.2,9.81,8.49,7.38,6.49,5.54,4.7,4.04,3.46,2.95,2.38,1.97,1.72,1.41,1.18,0.94,0.8,0.64,0.53,0.38,0.31,0.26,0.21,0.14,0.11,0.08,0.06,0.03,0.02,0.02,0,0,0,0,0,0,0,0,0,0,0,0
33202,23.9003409302968,10.5065630738989,0,0,0,0,0,0,0,0,0,0,0,0,0,0,0,0,0,0,0,0,0,0,0,0,0,0,0,0,0,0,0,0,0,0,0,0,0.01,0.02,0.02,0.05,0.07,0.12,0.18,0.32,0.44,0.58,0.82,1.21,1.79,2.47,3.14,96.86,95.69,94.31,92.59,90.43,88.1,85.11,81.87,78.44,74.44,70.05,65.89,61.39,57.2,53.4,49.82,46.29,42.72,39.79,36.99,34.19,31.56,29.15,26.64,24.21,22.02,19.74,17.77,15.96,13.74,11.92,10.33,8.68,7.33,6.1,4.98,4.05,3.32,2.63,2.16,1.71,1.41,1.08,0.86,0.65,0.52,0.37,0.25,0.25,0.2,0.14
33209,-6.70581580679097,9.8563211331013,0,0,0,0,0,0,0,0,0,0,0,0,0.01,0.01,0.03,0.03,0.05,0.07,0.1,0.12,0.18,0.26,0.32,0.4,0.55,0.73,0.92,1.23,1.66,2.02,2.55,3.31,4.09,5.09,6.28,7.85,9.49,11.57,13.54,15.98,18.64,21.19,24.2,27.27,30.57,34.26,38.29,41.89,45.84,50.48,54.5,45.5,40.86,36.34,31.92,27.93,24.4,20.77,17.35,14.2,11.2,9.08,7.3,5.71,4.27,3.33,2.63,1.97,1.41,1.06,0.8,0.57,0.43,0.29,0.21,0.16,0.1,0.06,0.03,0.02,0.02,0.01,0.01,0.01,0,0,0,0,0,0,0,0,0,0,0,0,0,0,0,0,0,0
33213,5.07569989509404,8.23498014160892,0,0,0,0,0,0,0,0,0,0,0,0,0,0,0,0,0,0,0,0,0,0,0,0,0,0.01,0.01,0.01,0.03,0.04,0.04,0.07,0.12,0.18,0.29,0.4,0.56,1.03,1.51,2.22,3.15,4.27,5.91,7.75,9.86,12.31,15.21,18.27,21.79,25.04,28.8,71.2,67.36,63.64,59.8,55.93,51.79,47.45,42.7,37.75,32.89,28.06,23.97,19.5,15.21,11.58,8.73,6.31,4.62,3.13,2.1,1.54,0.89,0.65,0.37,0.24,0.16,0.13,0.09,0.07,0.06,0.03,0.01,0,0,0,0,0,0,0,0,0,0,0,0,0,0,0,0,0,0,0
34462,-0.231994068814445,6.49592084803987,0,0,0,0,0,0,0,0,0,0,0,0,0,0,0,0,0,0,0,0,0,0,0,0,0,0,0,0,0.02,0.02,0.03,0.05,0.08,0.14,0.21,0.27,0.31,0.49,0.73,1.04,1.59,2.26,3.29,4.59,6.3,8.66,11.11,14.38,18.49,23.13,27.73,72.27,67.1,61.66,55.85,49.69,42.71,35.86,29.46,22.56,16.65,11.86,7.95,4.8,2.74,1.56,0.74,0.46,0.22,0.13,0.08,0.04,0.04,0.03,0.02,0.01,0.01,0.01,0,0,0,0,0,0,0,0,0,0,0,0,0,0,0,0,0,0,0,0,0,0,0,0
