MuniCode,mean,sd,L0,H0,Year
12205,3.25998158496339,5.41770835215494,27.68,72.32,2020
12234,15.8435900505024,5.04642288649854,3.71,96.29,2020
12463,27.436250014612,7.44297935909688,0.55,99.45,2020
13361,-19.7973565851578,22.1671573733125,55.9,44.1,2020
14206,30.7114044590106,10.6878045046491,0.9,99.1,2020
22100,4.57329215945104,6.49204288658566,22.3,77.7,2020
22203,13.6683246256653,13.4594280400533,27.51,72.49,2020
22208,9.47413965693893,5.32729664840545,6.07,93.93,2020
22222,15.9772138403604,9.05472742516975,5.98,94.02,2020
22302,7.11431615964189,7.39413386134503,14.72,85.28,2020
22304,2.65373309908972,5.88741505612644,38.6,61.4,2020
23445,-4.21780545057647,3.09382764777772,64.21,35.79,2020
23446,-6.33703002148347,3.71082050102469,64.11,35.89,2020
24202,1.46021238116705,2.32136425030072,19.87,80.13,2020
24204,5.13604262815681,2.39669735195727,10.65,89.35,2020
24215,-5.60197130600832,3.0165320521217,76.04,23.96,2020
24441,3.05227824288641,2.68923700324492,23.64,76.36,2020
26202,31.5869499112194,12.2527714775346,5.9,94.1,2020
27220,434.077152610125,62.6718943619965,0.0,100.0,2020
28205,43.9367990589004,7.11313948475769,0.0,100.0,2020
28224,-3.30047008589659,3.64828342347919,40.47,59.53,2020
28226,3.89040115304415,4.13373437343215,14.23,85.77,2020
29207,3.60665608508344,2.42020156078796,24.63,75.37,2020
30202,-0.64014071520343,1.83298305513853,57.76,42.24,2020
30206,1.17244652268467,2.50166975765537,33.3,66.7,2020
30361,1.33180480334383,2.19234564476396,23.41,76.59,2020
30366,4.11360032578203,2.68578792429153,16.68,83.32,2020
31201,-1.40417021573006,3.54391356225383,58.27,41.73,2020
31370,4.72546484012772,3.70624683799182,16.3,83.7,2020
32202,-3.60310726933917,5.90709156498541,66.71,33.29,2020
32204,5.41752832871689,5.79870138539048,23.44,76.56,2020
33202,2.63457960612623,3.62981170772895,13.55,86.45,2020
33204,-2.40704920727637,3.48780572411185,42.12,57.88,2020
33205,0.370349477127907,3.22064180645399,28.16,71.84,2020
34100,-3.11633244515139,11.2664376752305,36.85,63.15,2020
34202,23.3102970160391,5.80682474533764,0.02,99.98,2020
34203,1.17852405012293,7.23475769061253,24.3,75.7,2020
34204,-9.97164601306508,8.26878505546565,59.66,40.34,2020
34205,8.0632162540577,5.7560344481756,6.72,93.28,2020
34207,-2.28045976606642,8.44383190630721,39.5,60.5,2020
34211,-15.3511518596814,12.9194006465763,68.38,31.62,2020
34212,5.54253333772123,6.30735658080143,7.52,92.48,2020
34431,-0.44884165537713,6.38738445237254,29.62,70.38,2020
35204,-5.97983971214817,5.8780223352432,76.47,23.53,2020
35206,16.189998809556,6.75133947375493,2.93,97.07,2020
35211,21.1045953414835,8.07624012238445,0.99,99.01,2020
35212,1.85607704202997,5.37967858219203,25.98,74.02,2020
35341,-10.9232205501567,2.74359811877859,85.61,14.39,2020
36201,11.5693342665497,4.81238349958272,0.52,99.48,2020
36203,4.98588352272,4.05997442816374,10.61,89.39,2020
36204,8.33782372735177,4.01974980363175,1.96,98.04,2020
36206,10.3874754219787,4.53161374232507,2.18,97.82,2020
36321,13.6351281374549,4.70271051975571,4.06,95.94,2020
36342,21.5782700187765,5.46688233029304,1.87,98.13,2020
36387,2.4404037119037,5.18536929970929,20.47,79.53,2020
36405,7.50220540091397,4.12633865751009,3.8,96.2,2020
37201,6.51994116653327,3.63704848599774,2.87,97.13,2020
37202,10.1526478809882,3.69126114917596,0.81,99.19,2020
37203,13.9458754411054,2.54625934959546,0.01,99.99,2020
37204,5.33225545782539,2.62438924636224,2.47,97.53,2020
37205,7.03081069194071,3.90373522538036,3.08,96.92,2020
37206,3.82355067802966,3.72828983268099,10.43,89.57,2020
37208,9.32461523105237,3.03936629875218,0.25,99.75,2020
37322,7.4570706466778,3.54021145385391,2.38,97.62,2020
37324,3.88861887777758,4.36474342812814,10.33,89.67,2020
37341,4.36476878414345,4.83836948791154,12.67,87.33,2020
37404,2.36565130973152,2.20444275069296,10.48,89.52,2020
37406,18.6230705654041,5.71402094094624,0.08,99.92,2020
38201,-10.7682036846962,2.29631689759886,92.05,7.95,2020
38202,6.54788416497267,2.39503426995302,0.68,99.32,2020
38203,-2.30033200647054,3.12310443360462,51.73,48.27,2020
38204,2.69071045470697,4.45394468415481,29.32,70.68,2020
38207,3.66261691355951,6.15442436404907,25.56,74.44,2020
38210,-1.73537470177201,4.34805293654877,53.1,46.9,2020
38214,8.37631256624585,5.52275080544456,8.46,91.54,2020
38506,-10.6271069308691,5.29749051034599,80.09,19.91,2020
39201,3.22632350735204,7.06057427357317,35.13,64.87,2020
39202,-17.3219098116072,3.91404594533277,97.34,2.66,2020
39203,1.37275245301638,8.4912607728896,25.56,74.44,2020
39204,-3.78151349202331,7.67607840570843,42.98,57.02,2020
39205,-4.70920091857587,9.51806081332545,48.17,51.83,2020
39206,-1.66891489242227,7.34169131740528,35.67,64.33,2020
39301,-5.47324030847028,13.2089210503843,38.65,61.35,2020
39302,-4.70691978809807,8.59047532659589,41.38,58.62,2020
39304,1.59291109392001,6.51071112962731,35.69,64.31,2020
39386,10.1920701260382,11.193643300416,12.53,87.47,2020
40100,-6.4046473387897,5.34472883337917,41.08,58.92,2020
40130,-10.8009813581392,4.02084151808238,72.0,28.0,2020
40202,-10.7814890776577,5.52487744911851,60.91,39.09,2020
40220,-2.48106561654116,4.94360209400324,42.5,57.5,2020
40224,2.47073149888828,5.95684776919104,19.74,80.26,2020
40383,-15.3471461710529,4.0992418197218,98.01,1.99,2020
41202,4.46566534476247,7.69972839440613,28.97,71.03,2020
41204,10.6579204571921,7.26302081986796,8.53,91.47,2020
41205,10.3358203773704,9.34381644703926,13.71,86.29,2020
41206,11.4400570098937,8.71144072210604,10.79,89.21,2020
41208,11.7477849709066,7.23300284347641,6.81,93.19,2020
41423,12.9959630600263,9.48086784557092,2.23,97.77,2020
41424,10.906863219874,8.89284180927126,5.91,94.09,2020
41441,5.29408604701647,7.94209200856506,10.78,89.22,2020
42201,10.316096423857,7.43042279094026,2.2,97.8,2020
42202,-4.69571171363812,4.28774036669055,41.51,58.49,2020
42203,-9.80431436719853,4.79634900118829,62.16,37.84,2020
42204,-8.0864558433656,4.61987035430035,58.63,41.37,2020
42205,-4.22717916336064,4.43586762549965,38.38,61.62,2020
42207,-9.51937755148547,4.37988962926663,69.71,30.29,2020
42208,-1.19060849126946,5.27857678246711,37.28,62.72,2020
42209,5.29435284614135,5.08028773975313,19.06,80.94,2020
42210,-1.79650014668949,5.11471735034913,34.25,65.75,2020
42211,-8.80894479803123,4.90074644172962,65.42,34.58,2020
42212,-8.47444974088968,3.69763155354912,57.84,42.16,2020
42213,-11.8333862904817,4.59238582749356,83.02,16.98,2020
42214,-9.85920499485556,3.7639430676563,79.62,20.38,2020
42307,-10.6482572041534,4.72292995760627,65.18,34.82,2020
42308,-10.0527668765795,4.12028189250976,62.71,37.29,2020
42321,5.25976320782395,4.27401056034751,12.19,87.81,2020
42383,-11.7954405668926,3.65612150579288,79.49,20.51,2020
42411,-8.56347947467138,4.97634381797265,62.3,37.7,2020
43202,-2.01545589138766,8.29936603907946,28.81,71.19,2020
43205,7.34930095323738,13.7471222479724,9.84,90.16,2020
43212,-28.1928619856667,6.87958071049859,91.07,8.93,2020
43213,-20.6983835850408,6.46269978049989,78.86,21.14,2020
43215,-17.1355704473084,7.80595308685683,65.44,34.56,2020
43531,-14.4961414591094,5.94809121607576,69.97,30.03,2020
44201,2.52651204242558,5.09494256779657,19.89,80.11,2020
44205,3.61439077378327,6.443660456196,17.47,82.53,2020
44206,5.12347012421013,6.94709581763335,18.7,81.3,2020
44207,10.1164790675087,5.89725776529751,2.11,97.89,2020
44209,4.50785055601362,6.16878170030288,12.2,87.8,2020
44210,1.19831166826656,7.29759724863739,39.22,60.78,2020
44211,0.323478622321205,7.81064605989128,46.45,53.55,2020
44212,10.5905196235492,9.71377593489951,17.49,82.51,2020
44341,5.22799962419842,6.98158777436286,18.43,81.57,2020
45204,-17.0654304934984,9.84856609614732,85.22,14.78,2020
45207,-14.1713340251064,10.1722091830618,68.9,31.1,2020
45406,-13.5587718948927,12.1747933952731,70.23,29.77,2020
46201,-45.3412154053496,16.5039654768049,94.58,5.42,2020
46203,-18.4477830722732,18.9664784775111,51.75,48.25,2020
46204,-4.55844274185645,11.0463329907782,27.61,72.39,2020
46206,-11.5456471341811,9.40854642123133,48.29,51.71,2020
46210,-11.1020882153794,8.56906691955411,60.75,39.25,2020
46213,3.66071096637393,10.7644536633021,15.77,84.23,2020
46214,-50.5306777673302,11.1374378603249,100.0,0.0,2020
46215,-22.7981124689432,13.5148662000199,73.8,26.2,2020
46219,-23.0433240812121,14.3345481594183,59.72,40.28,2020
46220,-1.39639824596863,15.3232130601328,18.14,81.86,2020
46221,-6.69627715687351,19.307170172943,30.39,69.61,2020
46304,17.5788820537964,4.55611709503453,1.55,98.45,2020
46404,-21.0306944980903,7.58492905887547,79.16,20.84,2020
46490,-4.10463669591343,18.2998309778433,25.55,74.45,2020
46491,-8.48277116804468,11.7395669220639,43.09,56.91,2020
46501,5.62890653815868,8.9134281186423,8.98,91.02,2020
46502,21.9496348866555,10.1029052782422,0.28,99.72,2020
47209,8.03406592775884,25.3842806249645,33.3,66.7,2020
47211,-5.47906712740758,15.6180854413791,71.95,28.05,2020
47303,0.260812343730743,22.2140932505143,33.8,66.2,2020
47325,-11.4950449784506,16.7262194502682,83.17,16.83,2020
12205,0.848051534487265,0.3281020892382339,0.2833763285883827,0.9671643534941193,2021
12234,0.5682799551572808,0.9396838357008442,0.6251165105543387,0.5356201933798768,2021
12463,0.605689123634322,0.2897489515909675,0.5750938295110122,0.7522538754167633,2021
13361,0.05917602046923942,0.8262381832057522,0.66068561856916,0.11167570825844753,2021
14206,0.6707463581798473,0.2505560891189079,0.7269971582970247,0.14778513143276695,2021
22100,0.390156935926373,0.9893733951792091,0.032607500761455466,0.3351038457258323,2021
22203,0.41943942468241724,0.5106801228311945,0.13367057258197734,0.10232196649300318,2021
22208,0.6691640618007231,0.19468573710005055,0.8421657376807151,0.901320539515595,2021
22222,0.5021705462727755,0.48254434502762367,0.7623963493049917,0.9443095743326355,2021
22302,0.035492361093507285,0.5801596909441941,0.6952281368684113,0.6621100332815002,2021
22304,0.6095573529584714,0.6351854664900174,0.1193628853427563,0.520034751119699,2021
23445,0.6585372729234287,0.42198674230577027,0.724062512326208,0.2519160053430616,2021
23446,0.6565454158899328,0.24919555324417675,0.15456474825259314,0.5836096235826993,2021
24202,0.10226092087445815,0.6072947455794823,0.9668739112926384,0.5168140032899657,2021
24204,0.15316223522552375,0.9232329107801774,0.7056382210314891,0.15776031869954565,2021
24215,0.09378329788241913,0.3178117330544137,0.5370206629715439,0.6754047240373715,2021
24441,0.5541772224422834,0.022551738907943375,0.8129329548996007,0.7980647801426362,2021
26202,0.7360191915488226,0.2969815337145211,0.6389577817414327,0.3789499858683453,2021
27220,0.4650782280329536,0.17962595087015798,0.449403919823965,0.8899769611596247,2021
28205,0.9573791074560841,0.34240460043408616,0.4793723325299081,0.06228396988181184,2021
28224,0.17816390432121254,0.38858167564529433,0.5703609793143501,0.21078474750283172,2021
28226,0.23494298866629437,0.7017567202623027,0.41096769003126143,0.9655600645004001,2021
29207,0.5238454160312361,0.022983238885249335,0.2660850432717661,0.6372953602559647,2021
30202,0.24742956482595257,0.9184523122414678,0.5279146976944902,0.7257021086986194,2021
30206,0.497492370340778,0.9742388980702653,0.6779952265593916,0.8469277496874906,2021
30361,0.6809012295050393,0.7086099469531866,0.9659450286820808,0.49088766439167675,2021
30366,0.16928013863001623,0.3797172568498922,0.8403455575909565,0.36892607107023,2021
31201,0.03983072279716904,0.34463365297857573,0.2929489141150059,0.7890200047967417,2021
31370,0.846655198139638,0.922677836835227,0.1559178706722748,0.26280936871858296,2021
32202,0.9711821877205272,0.4774149316309958,0.5803808825819836,0.9993416537226076,2021
32204,0.41548337185245254,0.2604752614861353,0.09538519554463198,0.17322532499896082,2021
33202,0.34120706853811766,0.932586971664243,0.7807073892743079,0.40376494364142623,2021
33204,0.05785412443823135,0.13937127223162304,0.9285730405871161,0.8786313730046657,2021
33205,0.13898345332418183,0.5500729222296356,0.9361576920319318,0.7300912476490344,2021
34100,0.5142647712936079,0.2647772979101538,0.5808255958774325,0.13174982979069993,2021
34202,0.9775195739092472,0.3298898506863249,0.24065356101085245,0.7394635565667168,2021
34203,0.505570801377,0.18317754119153196,0.04494629225186231,0.19975346395186167,2021
34204,0.5922544063826704,0.7656234628400233,0.5060771451592828,0.8931620998593326,2021
34205,0.5233266931647002,0.4299519115942444,0.06365114998456567,0.028343809837688694,2021
34207,0.7334840185871209,0.22994231259012765,0.588223852980334,0.6346098387956518,2021
34211,0.5104909573277621,0.8873829756804272,0.35697176710968714,0.33914615894516875,2021
34212,0.6402304490371173,0.4014962858812793,0.1928623680848972,0.6548533089316394,2021
34431,0.4831475687247495,0.09712394056150475,0.9051995308281828,0.19647611766110673,2021
35204,0.2466245097418962,0.13916107993375426,0.5379080867123389,0.7840522503348358,2021
35206,0.031978416774179896,0.4109130228790251,0.7588617927993712,0.8040734242665601,2021
35211,0.061325591559254766,0.6365344422542689,0.8955259357161489,0.5117869489263263,2021
35212,0.5083743170274764,0.8769905562596231,0.15099434007076573,0.1655168064381204,2021
35341,0.17463220425971637,0.022064022574007858,0.7750934560986678,0.8968756832837362,2021
36201,0.8501789936933801,0.8858540578413446,0.3871511301966859,0.7583794449074396,2021
36203,0.5444382655035658,0.6357559251638947,0.8528101633639036,0.2544325285763285,2021
36204,0.9105761026482231,0.6207162936131516,0.6327879834095916,0.8690618147798241,2021
36206,0.31678453308253074,0.2373537496808673,0.05195205781285528,0.23098743004705913,2021
36321,0.0874916799185319,0.8436845662418541,0.8070581146499324,0.5981186921202651,2021
36342,0.35101108494466315,0.9776504919022981,0.5432702816359957,0.17450458268746916,2021
36387,0.4172000387905833,0.003285022826690742,0.3975841017799997,0.8951500819016204,2021
36405,0.011586349752141345,0.6941036992742443,0.8053862911744567,0.8606653630424363,2021
37201,0.18807425811969392,0.5200949110251059,0.2615978970325512,0.38594594154809525,2021
37202,0.7087992364342699,0.70397599203416,0.6484273576731086,0.9452105800896923,2021
37203,0.16476597709631846,0.9920955386250083,0.4881455866219384,0.5496221541593465,2021
37204,0.4099644550440936,0.07111825129396798,0.07186390343167515,0.19353453769741524,2021
37205,0.16021503642769885,0.7076456938718604,0.9141294781536417,0.33258905272977535,2021
37206,0.8864534694205114,0.5060850477261255,0.20029745591921655,0.9627437772096674,2021
37208,0.21179181673516845,0.7085088964607607,0.6622777417706606,0.7685489132014158,2021
37322,0.3470472152164117,0.3403702317937095,0.5234162273977861,0.4845054923458544,2021
37324,0.3557387955213399,0.4188170396249288,0.8714046487573196,0.2697580791189439,2021
37341,0.09940676441356322,0.9040570357742191,0.28167166568493074,0.7992706499119495,2021
37404,0.5630848809503934,0.9123421321350543,0.3785091698461538,0.2573578603831931,2021
37406,0.2571668442549043,0.14389251410336212,0.988097924203031,0.698705548204248,2021
38201,0.003269791043060022,0.7941377025818492,0.527081628536543,0.565305635273304,2021
38202,0.5426280689879561,0.011422770470276622,0.20576229544259084,0.8351563931748492,2021
38203,0.6540376565219147,0.9893911490304885,0.8694762158002676,0.2609654734746377,2021
38204,0.44664837638443233,0.4333968930179767,0.1380651425573659,0.9668527000531125,2021
38207,0.9224145643214947,0.8878293110595044,0.9422830756194076,0.9230572690164409,2021
38210,0.13249644600339738,0.18238434215658994,0.34419675955517137,0.15924323723946998,2021
38214,0.40477018847965895,0.4850693108826388,0.9403795918134928,0.9949032906416014,2021
38506,0.06932629646626376,0.38471815451990055,0.8274842506814463,0.4067934137086828,2021
39201,0.33785283809624533,0.489060531715966,0.612374928811197,0.5958126152923603,2021
39202,0.018042296321201245,0.2739445558280834,0.38219749500225675,0.2148593397898494,2021
39203,0.2963442709670401,0.03727904343409638,0.06381286922168528,0.7992471063838863,2021
39204,0.061046183272971954,0.840319071702065,0.09043075575379611,0.4156935929678217,2021
39205,0.0032541495145507193,0.3698741031537385,0.9183065160441641,0.34194451213303867,2021
39206,0.0443390284926779,0.6209990581186673,0.8486928588739733,0.7248300542780263,2021
39301,0.2580185499650519,0.2156369686829379,0.05709752925848832,0.7762451760075751,2021
39302,0.40790422417381655,0.09837426110154346,0.3111433973169756,0.16596588674486035,2021
39304,0.8504581787071472,0.07051342071899813,0.45266235854875925,0.8910578673599658,2021
39386,0.5078137211383126,0.7886348650442778,0.36067657313803025,0.7590358088920787,2021
40100,0.9997510077494293,0.23282868605841212,0.8933987294362388,0.9438429509894459,2021
40130,0.5721905154791205,0.7639663629379474,0.8093873763391084,0.04531826671993433,2021
40202,0.9878705362642589,0.21345717002161602,0.9538522832039203,0.6529406304254203,2021
40220,0.369000341173255,0.1283466234266768,0.9560440407926816,0.15830774389448132,2021
40224,0.026563341576359645,0.872654044841232,0.26192090926541445,0.2247647475500697,2021
40383,0.5920867942239743,0.3842631484628781,0.8500749696888386,0.7092751142346383,2021
41202,0.5413081770184714,0.4672892239129932,0.7894880681183196,0.7965560278807865,2021
41204,0.32211806222561723,0.8359844707702098,0.08536529910638446,0.3635141148994607,2021
41205,0.41655466186478807,0.8014209358746746,0.9471456240909745,0.07941792279274085,2021
41206,0.8743215829139023,0.47698513423624667,0.21945682532580357,0.09863158095227487,2021
41208,0.44699775448650314,0.22004388928346086,0.8226504108806568,0.28443314993229496,2021
41423,0.9948580690730229,0.7692915046887171,0.785709416213961,0.6272098291139762,2021
41424,0.11420259027634083,0.8168211329410656,0.25900171069493994,0.3558723570767506,2021
41441,0.03470911562150958,0.14872060960471079,0.08831339680406913,0.8711876501246522,2021
42201,0.4871040108243797,0.8783266553319117,0.13131642239151875,0.9935437146943316,2021
42202,0.2856011440814068,0.2762158318678325,0.1932905765395042,0.33750192972310156,2021
42203,0.9925791784830191,0.7675306232663975,0.39655180221522357,0.08650238977781,2021
42204,0.2018535566686085,0.9465176314899066,0.16146127119468323,0.26344997620381194,2021
42205,0.9026820774050216,0.37667938197924244,0.2115153815361812,0.9265512499003131,2021
42207,0.8691251817826399,0.3750495013876134,0.014440877748306158,0.3485216760075416,2021
42208,0.7464637877567638,0.2023316391425759,0.9853783412382485,0.5359360466634158,2021
42209,0.7965461844728897,0.9094362829063718,0.6439384521625773,0.7378057601098266,2021
42210,0.5099377333977744,0.364566921198591,0.09143846900627783,0.30688579482816725,2021
42211,0.4645881285551624,0.7676294537081234,0.6628904921850222,0.4687557695221327,2021
42212,0.4009597708316509,0.772394309133593,0.4931843631223767,0.49701259041847956,2021
42213,0.6402930160035413,0.028428466767143834,0.3594521676786595,0.9448108588565889,2021
42214,0.21641460173877458,0.3239526762016869,0.7488557730269751,0.7182030935171254,2021
42307,0.5547114234550419,0.20376916378654653,0.2762944310457276,0.16657022377143182,2021
42308,0.8960935903278197,0.5514128901422078,0.7133668778274895,0.7070747860534609,2021
42321,0.5034502688102838,0.5628967585856612,0.01443978004187152,0.050008485010803905,2021
42383,0.36475825776871074,0.4121073212396479,0.323519147699704,0.17345540599006626,2021
42411,0.0998011656097284,0.7491710365279739,0.6861407691772278,0.9588756662218577,2021
43202,0.1901420306093391,0.3085540989830078,0.49968925686507004,0.771121473684264,2021
43205,0.9004940766481231,0.30854783967819954,0.6157338167203641,0.5306090073104751,2021
43212,0.7142148009804855,0.9398840749140296,0.05777502676602897,0.703994366985007,2021
43213,0.8486841360269608,0.14408241401975896,0.274562809355408,0.767371489926301,2021
43215,0.29793044631448096,0.09582100099510737,0.6429113145464754,0.5535965817292112,2021
43531,0.37533541733656817,0.4890761480363336,0.31797366035722696,0.25007988102951406,2021
44201,0.40688305717166795,0.8774305779743456,0.5012055473599505,0.7579919718091318,2021
44205,0.9771539132110912,0.987821756876238,0.15172991870598984,0.434850949183859,2021
44206,0.5738111994074819,0.1901060427323622,0.6300115489178238,0.6830329257879912,2021
44207,0.7797487847743714,0.3710232501210676,0.6606264964772246,0.08948316192055439,2021
44209,0.29697312529082187,0.8160676227834383,0.047639797663779904,0.16310616326741145,2021
44210,0.7361813871117352,0.14268746897912488,0.4738779451916225,0.37614841740978555,2021
44211,0.3710161271283754,0.5101371760607231,0.1914441536094723,0.8585242125764155,2021
44212,0.530106001753549,0.9169991470292332,0.008240888823708103,0.08352035351923648,2021
44341,0.6368819326491386,0.21862776329898936,0.8775171044261237,0.9935208953384128,2021
45204,0.7720913262640906,0.06675240135522098,0.8659369326285179,0.18741529712711036,2021
45207,0.08028848935775135,0.5679200155640189,0.8145495850728571,0.9988317238204222,2021
45406,0.2289645211257354,0.305274228217823,0.5224564175156751,0.18428229995704437,2021
46201,0.545536455866647,0.004207055315688546,0.24049441001681204,0.45956860320145154,2021
46203,0.917467354707577,0.14306851152194033,0.5230202604476093,0.7094178316957278,2021
46204,0.795944237138134,0.17351184076190584,0.1578936491569124,0.46107919662564734,2021
46206,0.9079854089137608,0.051299458258954655,0.9765140613787371,0.6427984662695935,2021
46210,0.1004870662698738,0.9819989706960252,0.9968487522704976,0.13408071149711964,2021
46213,0.002436808947590907,0.6076632795544166,0.1838427327149622,0.45209992043211567,2021
46214,0.6837655137340027,0.28337141946963385,0.5023515976377886,0.3487144338513505,2021
46215,0.8402329123789092,0.1235199966813606,0.9362225919054257,0.19708086196407015,2021
46219,0.6100814518903244,0.4911465177388269,0.9944156691875882,0.08633511244749359,2021
46220,0.8315370858234689,0.20820800723517707,0.5111044247598817,0.06735138503456017,2021
46221,0.6085709100783239,0.921820270332964,0.4686814367027794,0.8393695076072561,2021
46304,0.729652808072702,0.7782310977900929,0.8867901794307071,0.5033207427468172,2021
46404,0.26921288760639817,0.11612862930477641,0.012290141953739675,0.9565051308853613,2021
46490,0.6961015274462289,0.8135756553460959,0.7714204662272243,0.015283239747210797,2021
46491,0.282685291273683,0.32701259153391116,0.9671379326863411,0.8449265498725282,2021
46501,0.9984163430298307,0.024906425798410625,0.3514910931838403,0.18838960087302825,2021
46502,0.5737630403544608,0.1565002353342746,0.09399773227020136,0.9659228735748636,2021
47209,0.3134493269856974,0.9856047623231234,0.7829115727605538,0.09062901330925499,2021
47211,0.31157917957003145,0.6418929709280741,0.44486409056047094,0.7160433872641466,2021
47303,0.6464760949653401,0.8348413118575077,0.024570902711203435,0.5609003917662302,2021
47325,0.08929003576728267,0.4094159942714337,0.3484765369812324,0.5083100708001804,2021
12205,0.6593913863096007,0.9519649152271555,0.6916322568374137,0.9350986460816046,2022
12234,0.1792649584440983,0.8794173492823918,0.5481122843920898,0.6989447228126545,2022
12463,0.6242724934956535,0.7366606927506432,0.06159982643651274,0.46280465291840434,2022
13361,0.5679818005354785,0.07033882773481903,0.3406917134446863,0.12286529344367436,2022
14206,0.7971247145200647,0.45681207856005046,0.679518289142994,0.23437957583563718,2022
22100,0.862195041710569,0.5555141330206907,0.8128724275841818,0.10827611277584615,2022
22203,0.00996212004735586,0.13099055671953563,0.11899530142312154,0.20697252577663594,2022
22208,0.8770970581396125,0.2736014250928419,0.6076627800492748,0.3134342686948779,2022
22222,0.8920608666134993,0.5966364393030189,0.9171757069168911,0.7178375065526507,2022
22302,0.03655160774167987,0.7680366556351124,0.6462962621676642,0.019666629741086128,2022
22304,0.4042950391669503,0.23060924683188888,0.7649133974364131,0.9571412095873497,2022
23445,0.9082013294864039,0.711638294042792,0.22958393596688242,0.7915746656099019,2022
23446,0.7765339273060995,0.48748330204069235,0.7114629858822511,0.8920224398266262,2022
24202,0.9004458581065128,0.3753842931478867,0.9279696602402755,0.142689508514239,2022
24204,0.4174474726566353,0.6103221541878749,0.014136632025018026,0.2831664177790645,2022
24215,0.1627030741606873,0.022924064095236285,0.6644880895001628,0.9899303764154449,2022
24441,0.9894133558409793,0.4232210859518337,0.8219693591743379,0.8704449306765767,2022
26202,0.5055402072253699,0.7890082930627507,0.7096209322790726,0.9915127536710249,2022
27220,0.8931914457944328,0.45932191566357883,0.7071595037642713,0.46487896505153703,2022
28205,0.3010636515988534,0.45982413574084047,0.9755233857619342,0.4637550507065755,2022
28224,0.25052081462772957,0.4226641306996536,0.9232161184229372,0.012208608957776534,2022
28226,0.2556722707702199,0.41903072753738313,0.715354143758956,0.29058548328947875,2022
29207,0.7160098786609665,0.3264543118493678,0.7483354879178528,0.7574813176521826,2022
30202,0.6807320271834275,0.9686698447467091,0.36228742800509217,0.7953263917717862,2022
30206,0.1303942863911487,0.0031633592315677417,0.7449322119488417,0.06258290503498432,2022
30361,0.4060657611529467,0.3401749151795237,0.11030503311632445,0.22474319920138908,2022
30366,0.15835435990410363,0.6925109398849705,0.4240380359526982,0.810605671912898,2022
31201,0.05869944319240894,0.587206564346218,0.23861555750496177,0.1767392922749994,2022
31370,0.8906503720689918,0.7078643851669901,0.4325091948732669,0.4466010931174146,2022
32202,0.290052316492178,0.0392160257290769,0.2004073746707955,0.7097520383154541,2022
32204,0.8573807961638632,0.5199550081163228,0.8738270733592183,0.1603033063148096,2022
33202,0.7693299306290028,0.6878711725591266,0.16525285803439527,0.6783193639783477,2022
33204,0.6012460472993444,0.9370707752272887,0.24511917432918995,0.5682044360960712,2022
33205,0.2383186062137962,0.9586827259384587,0.2462426002084076,0.41526093344913506,2022
34100,0.690260843807793,0.8975088096426771,0.72142991127126,0.7584108730799931,2022
34202,0.741308393387864,0.564268826424246,0.20183782916873838,0.6846451444240851,2022
34203,0.27276986549871085,0.7553043173494323,0.20371335107658206,0.7749302509191225,2022
34204,0.9880093702341758,0.18747315601275916,0.5984470283741602,0.45747084988552156,2022
34205,0.9521873915069913,0.41755289748728586,0.6839022704107766,0.43641898960675685,2022
34207,0.12942816019571002,0.7054685027460862,0.8544553986896217,0.5612083367664765,2022
34211,0.1781183131110481,0.8525510884496116,0.8512291241013021,0.4299686898576073,2022
34212,0.7017137444708312,0.1363647532760499,0.2217430998848483,0.5845924562040037,2022
34431,0.9771778323838061,0.40255260872946064,0.8824396977423877,0.575907041410658,2022
35204,0.4939448534989216,0.60278649718446,0.2803116550199716,0.8723605554864413,2022
35206,0.37130786183295206,0.5086297910564401,0.8919501746831761,0.32826749515306963,2022
35211,0.4205310872397141,0.6575840171006959,0.3338809297767912,0.08763729439742074,2022
35212,0.7020820827133216,0.1356723236995523,0.11246373258048936,0.32109456049447005,2022
35341,0.09845055076938203,0.6539549146042289,0.19721880785028423,0.7749427969907986,2022
36201,0.944246038009966,0.8770472555380406,0.5336003639995708,0.36102223650805876,2022
36203,0.6744933603233161,0.07635894245156238,0.6483796479007313,0.7961289925485001,2022
36204,0.38196222522461787,0.2628201490763774,0.4841585689239908,0.190733076082355,2022
36206,0.29391164815961823,0.10293947435639705,0.009034672920224196,0.019627289127781222,2022
36321,0.47479398527144334,0.4767632424456184,0.10992405895002788,0.5154316285097752,2022
36342,0.5310700326612271,0.17269329522526333,0.9544471238041304,0.5220804897557885,2022
36387,0.19417996284996886,0.9470304608951734,0.8268259066294373,0.7464946322016197,2022
36405,0.01773487463099943,0.33958945981193245,0.874534919313991,0.941677122509944,2022
37201,0.8892233223281149,0.6597092528560515,0.15044959053328388,0.21031163089434213,2022
37202,0.08717821672066328,0.26976259145378567,0.6401597114535363,0.6789180230185942,2022
37203,0.8106263836717873,0.624652491564985,0.2281340088415973,0.607624263971091,2022
37204,0.035789167685927326,0.041071365509043445,0.2178210690141792,0.7358194556597293,2022
37205,0.4080684593394689,0.6678841814662393,0.988087968561433,0.8925788724426114,2022
37206,0.33028728993042566,0.06404063880987954,0.8702369010881987,0.4136434932720916,2022
37208,0.9035821263778452,0.5310553409057587,0.6379336103545136,0.06972182145495398,2022
37322,0.8143554051920551,0.11477800552912276,0.8769021562414971,0.1062757267129184,2022
37324,0.4822766062876028,0.7050410667602764,0.9474051291515438,0.9297021277596239,2022
37341,0.8304575816144167,0.9378181555683303,0.5858481684008169,0.3810562462588102,2022
37404,0.012770737354475425,0.8955118803469154,0.09039498564089077,0.7679351079068952,2022
37406,0.370309304143988,0.8934665811387511,0.20971305284260044,0.45607066817984654,2022
38201,0.7241887286853487,0.27809850127830016,0.9152063138168609,0.5522729474320678,2022
38202,0.5287314533370766,0.056656928963600084,0.10495631012598239,0.03526939377320315,2022
38203,0.37166055191696257,0.2270066776587164,0.18774451789534152,0.15643355377757162,2022
38204,0.5182159950576996,0.6455834746363522,0.6048407343024711,0.5732470879774366,2022
38207,0.6316740198081516,0.7425470926421973,0.6724691811084679,0.03093735490025651,2022
38210,0.6074138727766607,0.5815630121791137,0.3465719414039644,0.4530035152647248,2022
38214,0.2966237746079037,0.059938944329433363,0.050422267420946354,0.8266301322900277,2022
38506,0.5713066025554318,0.7639047796929089,0.9670857797813536,0.6646127667200891,2022
39201,0.6068046647068734,0.22500993255268031,0.504620202521549,0.6425567099340993,2022
39202,0.013987493146231267,0.650285298609511,0.7808415366566138,0.1763565252476219,2022
39203,0.4133479017002598,0.4693742180624144,0.23366328662154223,0.5841099244442345,2022
39204,0.5596114650234322,0.9290634090067804,0.09958343387153501,0.6906605960689128,2022
39205,0.589429913927656,0.5373483522820779,0.022257022287243244,0.676885243754507,2022
39206,0.638832909504832,0.8603571597198799,0.3217718883795966,0.5801745895589464,2022
39301,0.06659417428513481,0.2464767968276742,0.613960296165303,0.1281074369508849,2022
39302,0.1148880351128565,0.051879596588307875,0.8969904277387515,0.6255295873263474,2022
39304,0.9890003940485287,0.7181735331525682,0.03863898882375161,0.026505829546127235,2022
39386,0.9337993451224094,0.2461154065655311,0.8808433359503215,0.36037876969965543,2022
40100,0.21939242783351764,0.9826804672914095,0.32339860230048445,0.3817701693673655,2022
40130,0.7618467653299735,0.06393049166569831,0.8635383933090615,0.9941242846140004,2022
40202,0.04065528509732641,0.08740350542835373,0.2049238331684885,0.37747258360533187,2022
40220,0.18977410391439642,0.8935895649734409,0.13592149449865476,0.5424048952035253,2022
40224,0.43673441885465847,0.28324942749128645,0.934652051105948,0.09327215784639764,2022
40383,0.19764101306973114,0.09249619665964826,0.8623342505398202,0.9188899829581969,2022
41202,0.6003390798175277,0.9542729482973805,0.5901943679260194,0.25926049439234067,2022
41204,0.31635135415381654,0.9211298617613132,0.4451210644460154,0.5468023120260818,2022
41205,0.7130231677340759,0.1452781151633723,0.5364048426587598,0.11950314877398083,2022
41206,0.9993109232630982,0.6043827047454802,0.2454241583079656,0.6003058991404889,2022
41208,0.5551420950056646,0.24380817334439941,0.5430369031082182,0.43704132928421946,2022
41423,0.5737086250654408,0.3721864082021624,0.9842175027120268,0.1668468168674465,2022
41424,0.2912297359827718,0.6320845764249969,0.8419489431794119,0.9464130341293477,2022
41441,0.8594636158860514,0.7042757108161831,0.25256346470918845,0.5063336207129482,2022
42201,0.8169814445713893,0.2625079472183943,0.7219126845075633,0.6673139664312822,2022
42202,0.9284751827493892,0.26676111059517627,0.4099472624668362,0.15063996241366617,2022
42203,0.04719701889241179,0.004026382140291163,0.7506607860135235,0.7677595345372584,2022
42204,0.28670741617023987,0.28179380373553464,0.6097603755747943,0.9494767255099824,2022
42205,0.8220097627218662,0.4371924359843351,0.3106476831720615,0.8089557830676847,2022
42207,0.8805729466673419,0.10502517876285256,0.9469892182754461,0.6803785277218249,2022
42208,0.20604329446902236,0.3653029236250279,0.17139778645608328,0.08535916378015584,2022
42209,0.10273094967903262,0.16073424034638528,0.4786564757525813,0.09361194352053914,2022
42210,0.8445177345993998,0.7699981812911891,0.11915052574826868,0.5591841804861878,2022
42211,0.6418086747309126,0.40147717525576676,0.797746413868859,0.4671211405807756,2022
42212,0.5771435273972918,0.6362586256361377,0.4347824454924999,0.008720820056279166,2022
42213,0.02756111438610709,0.44225830343553485,0.9250785624984283,0.9084799279122949,2022
42214,0.4291221789624049,0.3981331150718179,0.17431753249832105,0.6753993585948584,2022
42307,0.2978524945344546,0.6393561739321706,0.8613482999231886,0.9507975238151747,2022
42308,0.940744975110554,0.723861975956049,0.2576866617313329,0.45593285853525034,2022
42321,0.26656261017435967,0.13105386445728306,0.8123815006964188,0.5946528002560642,2022
42383,0.3800776687066766,0.35919761964302543,0.1889087298689186,0.5247054553318018,2022
42411,0.231602095097171,0.9720963793803103,0.11733306543876143,0.8265952739257717,2022
43202,0.721328773651662,0.8606004745754607,0.6023722949054583,0.9058274137983852,2022
43205,0.8027583689626877,0.40246083704423574,0.023655676420912597,0.9858759497192726,2022
43212,0.40370239309263645,0.8061844942593686,0.6242520866938085,0.30148774525379984,2022
43213,0.06329679893008211,0.40513093825276236,0.739441541888378,0.5971177184541095,2022
43215,0.8155653113435175,0.7389248904667672,0.2816367204770591,0.5288052078713203,2022
43531,0.06280243755421833,0.3032405911430085,0.5719737023907424,0.07242695881468186,2022
44201,0.43509960345001986,0.2765277920953484,0.20824690343080066,0.17845736550804392,2022
44205,0.7425075304360924,0.7739440664294878,0.010122143461143485,0.6400993708599715,2022
44206,0.021004339092360547,0.24279455429220997,0.7113222996898478,0.9770252753700195,2022
44207,0.23667932949746684,0.13838495299491083,0.7615421012400394,0.7231678064502579,2022
44209,0.10922026726730616,0.07544927065663343,0.10257120794559937,0.020026759078191292,2022
44210,0.17186359017789343,0.1588275484079853,0.0410294225701191,0.35853309172315717,2022
44211,0.3107455888171565,0.6234865502804257,0.011912304461943246,0.28684143527806305,2022
44212,0.37780792564999455,0.19344415578549345,0.6842358512635858,0.22989175728332023,2022
44341,0.9358866709049074,0.2574403778901634,0.22435370880771488,0.9641654793818605,2022
45204,0.6042233472180832,0.2700598102126627,0.3243972291433169,0.45676440285316366,2022
45207,0.9209215081453004,0.2594316922717198,0.6910463072925442,0.3411346948331998,2022
45406,0.13539214977129943,0.9862215621143162,0.5950861895793483,0.039837227945727305,2022
46201,0.042405247681173375,0.46687346697851884,0.8808370384924228,0.12693813450866276,2022
46203,0.9916160286417655,0.0013406925530236036,0.7203133562196131,0.13243124867854628,2022
46204,0.14479890674079066,0.801828916069907,0.6328639808243738,0.4409472176379541,2022
46206,0.26380035499716914,0.37155079267457236,0.6088216120565295,0.1771428851058675,2022
46210,0.10049480351284312,0.36607684441627264,0.5505651824453186,0.5422065939298892,2022
46213,0.38924802029791583,0.20641979878316352,0.4491194676094592,0.5961750840948998,2022
46214,0.8150946098505127,0.7422481102783117,0.6296956649096866,0.6931534763465047,2022
46215,0.11691925130074643,0.6260073209594326,0.3475937287295525,0.9416995424358776,2022
46219,0.16754134080830574,0.3560542184606619,0.303684510693469,0.7028870193438188,2022
46220,0.8295008292127505,0.17128165776898108,0.302759359408455,0.34729125264418503,2022
46221,0.6185451411120826,0.7053201197368111,0.286519363274083,0.2542494668869586,2022
46304,0.4911462527353546,0.7934040560548982,0.9902809988405709,0.05088415925808687,2022
46404,0.8341820415608264,0.378204544889684,0.8722409664424596,0.1610312971969351,2022
46490,0.15610976287392253,0.5753206519309093,0.18427447893841697,0.26549107578302633,2022
46491,0.9588403903871391,0.29426228747524874,0.2882430547351008,0.26158740382589374,2022
46501,0.9554675430893996,0.5327189079977649,0.09493256519238047,0.7833043136773702,2022
46502,0.3998222127460259,0.4572080759572893,0.5310196971811089,0.6004400460922441,2022
47209,0.454489651309839,0.7844863945184681,0.17147389363921806,0.29302276379230996,2022
47211,0.9042930534944358,0.6380797099050792,0.39005480209044086,0.17738204528657586,2022
47303,0.5445538672901348,0.23218911508138307,0.49673517295913416,0.15266940610509916,2022
47325,0.8865468416026275,0.7367433470750789,0.3378653613653547,0.6949719672601739,2022
12205,0.48674837103557433,0.16591655579799403,0.19829989102733525,0.5937044550541652,2023
12234,0.42008750656383154,0.5027550913252407,0.5225517213309754,0.3944591815569042,2023
12463,0.11008590349087333,0.2972160489034804,0.5321541685570961,0.6623344824557612,2023
13361,0.5578898380488936,0.7387319946344095,0.8510438825621559,0.7708097001398566,2023
14206,0.1710740040006642,0.0798177195265487,0.5851001944613351,0.04216975823079572,2023
22100,0.7206696676410322,0.8119181727088761,0.8258241238943853,0.38457710959839264,2023
22203,0.4241274867670388,0.23112461650935257,0.19031046761307369,0.7601097276170313,2023
22208,0.029308843327345624,0.46020769852523946,0.005818663358773124,0.37106871138803577,2023
22222,0.17384707152030698,0.20068763578959536,0.8413853650735176,0.04811721671375979,2023
22302,0.9285364336129109,0.03439998910520026,0.2530369833787083,0.7267617554661682,2023
22304,0.21932977886272964,0.3627348286393559,0.874112513756575,0.34328787381766135,2023
23445,0.8422681398859064,0.7039076626677253,0.9505044765058229,0.24371182616782616,2023
23446,0.11616753864277496,0.7670487827294019,0.039902780739485055,0.3966975329590524,2023
24202,0.3464468258944563,0.7645035701553236,0.7073601455723576,0.6154647825250802,2023
24204,0.7449118204547864,0.5556096444317413,0.37828947187297357,0.8115914874618199,2023
24215,0.19930892559905045,0.21126524294361004,0.49110404327389867,0.606835484662449,2023
24441,0.01617961250608657,0.8253491906617396,0.7396033135568522,0.9696440948769965,2023
26202,0.15718880665976465,0.012401235603068828,0.26953171812673404,0.7157457173290769,2023
27220,0.32359761382489827,0.8144791441486887,0.6119191374578018,0.17902761868948602,2023
28205,0.06178725940561003,0.6602308281138056,0.2900401929597858,0.8347023784203597,2023
28224,0.3650979714213707,0.7998383987246661,0.6665030252685227,0.13079215063841954,2023
28226,0.5167408378252412,0.4659670337290389,0.31434719256024357,0.23801569572514603,2023
29207,0.4489296629680922,0.1710411476638657,0.0038360419553060687,0.5587696708148542,2023
30202,0.6845617946970525,0.04480338456896926,0.4657974459053421,0.788863362526886,2023
30206,0.8164802134837461,0.7322038702908745,0.8916212646412581,0.5440192548698699,2023
30361,0.1941500599360324,0.006229336922802364,0.258752070031397,0.17491689845856295,2023
30366,0.9476988457338894,0.7881035345558447,0.6821071305485013,0.8410041793934376,2023
31201,0.3435533284971286,0.714066441040066,0.27176970277140966,0.47656665483612237,2023
31370,0.26503478578611894,0.3236060132837182,0.6904553434350927,0.3037658415937802,2023
32202,0.308929414828761,0.02598790427140596,0.062529132271259,0.5410663023439317,2023
32204,0.4256099800428348,0.3107032757469874,0.8462702387429675,0.06879643417848158,2023
33202,0.946377537177526,0.08264305102572955,0.2933691353144413,0.36507911262614445,2023
33204,0.7360800116911768,0.7841342990040743,0.6884811357444212,0.3329829612050754,2023
33205,0.3941631406334346,0.22455478814616092,0.16944521215941455,0.968448002645264,2023
34100,0.4363859582057831,0.45210992426938457,0.4871616356913856,0.417932379708681,2023
34202,0.8152606757103581,0.39053854488194295,0.19974794802494522,0.5031356746005424,2023
34203,0.7359153478957339,0.2882382788384906,0.8339527559807619,0.8854684647601797,2023
34204,0.12258504154449434,0.6491583058492795,0.706698047957644,0.45873918900900057,2023
34205,0.12091948194632651,0.7147912567657136,0.8889463978292945,0.2205679808429034,2023
34207,0.2767870197847305,0.9740254990309286,0.2934806497293472,0.6593186020655001,2023
34211,0.9744547097571276,0.30164972526400613,0.8771631094568282,0.6627740522989687,2023
34212,0.06991391319512374,0.9176102707758627,0.1986181633887334,0.4378394368952391,2023
34431,0.04547874843530808,0.10837877194883017,0.4799767817358508,0.05139359508369834,2023
35204,0.057188716986546595,0.8070694817132473,0.5091406113480601,0.3680824363260512,2023
35206,0.475884366364125,0.13436461222145646,0.5350325619129134,0.3650205919414893,2023
35211,0.08160356311113393,0.10990072391866479,0.10205233726381557,0.41779593742305254,2023
35212,0.9536230121763801,0.5350176143760497,0.337349868274903,0.06898842511686087,2023
35341,0.18039025991933133,0.779014382392164,0.27037808146046227,0.6985310965133359,2023
36201,0.1624515536167459,0.3122138562617086,0.9209118017178798,0.8904256012537491,2023
36203,0.6442854575700329,0.8441942098004923,0.35522618642934867,0.9996002596754873,2023
36204,0.4806519347615268,0.21392219467137785,0.8840113569039771,0.5718846515036464,2023
36206,0.25664414216941434,0.35665540549826524,0.891672224621893,0.5892947977614829,2023
36321,0.6668958755261627,0.7651385464177315,0.47532922991800686,0.5603962263931367,2023
36342,0.4395355559949691,0.9352930989236469,0.2981857434324885,0.7293944976878043,2023
36387,0.4051615400549442,0.09762491128872242,0.002834802991426355,0.8208693173729729,2023
36405,0.009499955602360388,0.26221845140082456,0.4048413380474951,0.6271801534558936,2023
37201,0.8272419145591141,0.16943970624986904,0.29072593031865424,0.1836377842118404,2023
37202,0.30972836610451604,0.5435734531175915,0.8903817395238164,0.712369121496134,2023
37203,0.7102162641602264,0.3015060641163343,0.42927539009434457,0.9395357206936283,2023
37204,0.6401082843156309,0.27832904191992625,0.4772226941314368,0.6174126641303879,2023
37205,0.48168315964654695,0.10928747047903287,0.19199024402727138,0.6386034128216375,2023
37206,0.9936804849153145,0.7827781476364007,0.8571685425599408,0.41681355062602143,2023
37208,0.11426466933314128,0.47828649872867046,0.8926263489295727,0.05681314562966322,2023
37322,0.3662082707385572,0.23113581564144436,0.21749783448119786,0.6880285300136696,2023
37324,0.7655846573568761,0.6045142818934299,0.7092884955068497,0.420457015341006,2023
37341,0.36101219305910337,0.13414457116152745,0.9653352741540189,0.6724851783579047,2023
37404,0.5978345574853516,0.2696481346020059,0.09028449184077825,0.9581029831973202,2023
37406,0.7023436333987461,0.642298000677082,0.8700635210588767,0.8702707292480907,2023
38201,0.888017734873982,0.06637682179032456,0.5470801786084298,0.9699446409350657,2023
38202,0.05586610532118186,0.798251832546084,0.21061830254653346,0.7043102792762057,2023
38203,0.08375819061091738,0.37008354374386043,0.8496328306857529,0.32217485542923807,2023
38204,0.6854093458049212,0.5389884492626038,0.5557133743902786,0.6797951062723334,2023
38207,0.032896566708056296,0.166298683506636,0.7168952191825593,0.4777690096314947,2023
38210,0.3284388462312905,0.08961536591875119,0.9549073054586943,0.9907121658275088,2023
38214,0.48158846642648423,0.9183040879805366,0.8112962369292116,0.37081710027036097,2023
38506,0.6010077508661424,0.710645776102151,0.7958903815951857,0.5981670362153138,2023
39201,0.2846036112585446,0.018688719360623662,0.8493113457475492,0.20835373643896105,2023
39202,0.843758865208916,0.7839042402705113,0.00037883377910596927,0.6025094928409245,2023
39203,0.528448274975149,0.21331206556837456,0.9559628022938563,0.48100075988653657,2023
39204,0.4786243351070787,0.3448861693787387,0.7422033811700504,0.27016906288893694,2023
39205,0.3896295953515223,0.3557205106900323,0.33619700240998707,0.39349882235566125,2023
39206,0.9823606636427146,0.48679673543480384,0.04362097707315471,0.641780800772539,2023
39301,0.747631101737419,0.7545306249608896,0.8086087205221866,0.5444910767375096,2023
39302,0.8513511045434157,0.6146898350978145,0.17170426649291604,0.7110194954791627,2023
39304,0.6094203136172779,0.6207621959074768,0.9752439693193149,0.18030557490939247,2023
39386,0.5561507826514291,0.3597826733624869,0.5714953637053365,0.8651108694144986,2023
40100,0.5174723082114648,0.0656001376989398,0.11948046545768454,0.05785934078071253,2023
40130,0.35922688000828606,0.8871327455338559,0.34180538311696607,0.04719390828794057,2023
40202,0.4114659820880161,0.7033456912879853,0.7847006958349492,0.6957050665204045,2023
40220,0.7299379247965215,0.23246325609329632,0.9073875604711834,0.17797040000739373,2023
40224,0.01645166680064114,0.1324337676295746,0.8674795090139128,0.5650653532878507,2023
40383,0.8359264522103298,0.7719146661644347,0.8233784565959541,0.34238316821634573,2023
41202,0.6250220024203863,0.9720277470367764,0.808372792665941,0.2531005196450157,2023
41204,0.7450455501551274,0.6618523836857967,0.30256714458081146,0.3237968732149036,2023
41205,0.5451693176699195,0.09437534300755479,0.5870631251917773,0.8756224529428457,2023
41206,0.014434719596555512,0.45096887367432503,0.8864535638664296,0.28706036867872353,2023
41208,0.07925915946028816,0.928297925748279,0.45752746657517995,0.015609447439538293,2023
41423,0.4561921073526751,0.8241811249500387,0.8650453678678186,0.24173368575643606,2023
41424,0.13906523228538237,0.48984020445916554,0.018819117644853667,0.29799938225985023,2023
41441,0.45586012527309316,0.4712272084220194,0.26124340656976863,0.20324860110312615,2023
42201,0.7953772324037865,0.08457829492536639,0.8310756779250092,0.9284927726900355,2023
42202,0.3322704123046021,0.3750296078696559,0.023832959676912235,0.04291912856246094,2023
42203,0.28473306079346905,0.9522103420791435,0.7461443077136956,0.7459669554143991,2023
42204,0.3550686244927186,0.7090332360060938,0.8830553564114124,0.3637843721228079,2023
42205,0.9301920416211931,0.3889722635559134,0.0833929203689151,0.1883938453687466,2023
42207,0.7596097592682741,0.8863759958524808,0.5502901255277503,0.27364137073867023,2023
42208,0.2001976722345874,0.23963830225120963,0.8533549418074718,0.5068954288657247,2023
42209,0.2273818733660169,0.23420985802487415,0.7320275556328565,0.16619309260247006,2023
42210,0.012358477828100733,0.033240825429663556,0.7307090855015517,0.20948543797750996,2023
42211,0.39510010099648596,0.1732527909539998,0.6859376857161295,0.19147964820742625,2023
42212,0.4231829509209374,0.02921692881921656,0.1324715887615857,0.7535406227957442,2023
42213,0.2664527917276637,0.08552770240767038,0.994003669373289,0.6749349247809785,2023
42214,0.8462203852424666,0.1126122878485466,0.9354246901610668,0.8134777382772227,2023
42307,0.4063549707806857,0.850174597286179,0.34741823704521424,0.3810841648954305,2023
42308,0.36795034686944195,0.9632771659864626,0.9807756066734797,0.7980101026918948,2023
42321,0.6492401625179306,0.09891106973509622,0.1690230364632972,0.8436877479882159,2023
42383,0.3102015789041461,0.012088037330092671,0.7329668092442665,0.424483345114838,2023
42411,0.04524964019918387,0.6693837116020872,0.4665238807400347,0.29938180398679304,2023
43202,0.04507967369971155,0.9222125284994176,0.3745768585778665,0.7040522129931548,2023
43205,0.8161001830112475,0.12239663727267691,0.5725579914824648,0.8401479252805085,2023
43212,0.5225179110389685,0.1409265473322735,0.25889760294333,0.11047931199658922,2023
43213,0.32731167291242436,0.5437345081179746,0.063560988261676,0.6862625081092417,2023
43215,0.5583998988903057,0.1129169281033543,0.7287750647822312,0.09855769300092332,2023
43531,0.10283755379186166,0.6855031797303834,0.5939907915432766,0.07139547497874288,2023
44201,0.9574137268605153,0.7148925241302193,0.7651824163601824,0.3841204660673596,2023
44205,0.4637831372740795,0.6796849174063982,0.4208721864856311,0.9445005879393954,2023
44206,0.29232603680936453,0.2537142983583679,0.6890692405728,0.5684081752288398,2023
44207,0.6881992256000434,0.14197469882862823,0.3543372100324239,0.6242968367202644,2023
44209,0.9062348528387134,0.3599236937997041,0.520481289018923,0.34515131189128023,2023
44210,0.6622207976367014,0.8117085925440015,0.5938512456150539,0.08667674423162786,2023
44211,0.7517206958057868,0.7460623452999221,0.5009846082308499,0.9306610406863048,2023
44212,0.24716276989488595,0.7730639383269577,0.3528088880833493,0.6914327330757508,2023
44341,0.3161000894594056,0.9092968994348449,0.28974849845462425,0.5471025220949037,2023
45204,0.23695438961932247,0.3190303490955162,0.8867571682238061,0.1695868752590748,2023
45207,0.6016001423058893,0.7791553062800853,0.6100235041200487,0.8981273400979757,2023
45406,0.146552543271246,0.965251758947549,0.5893291803189801,0.9439427911839172,2023
46201,0.19240456523970006,0.9095400932785718,0.6884462556541563,0.718126335204753,2023
46203,0.8317591928628849,0.6148824362533012,0.4951242796174192,0.4583469101932425,2023
46204,0.6173342085496183,0.34996519912962176,0.009277330247463578,0.6194295362495532,2023
46206,0.9275548228667604,0.38419162073740165,0.4211436525310768,0.25780190910493794,2023
46210,0.1713982621849428,0.14860458417187916,0.1630169337220313,0.4657118055180348,2023
46213,0.5244924131755198,0.4554593152166365,0.38053604249645556,0.48694256610269426,2023
46214,0.7634753132001746,0.7897869065576588,0.04611238157581865,0.8994678517724034,2023
46215,0.8363080110094705,0.6393881179684451,0.8716841716505705,0.8326802912818536,2023
46219,0.4048769294395155,0.07698672709317333,0.12024206681620742,0.3655846060787541,2023
46220,0.9730329748322176,0.14554452068379276,0.5294477146899783,0.4488123005710195,2023
46221,0.26807939367734823,0.11033298259799618,0.854448229850327,0.4239836209954352,2023
46304,0.5791774337242738,0.9644844217440154,0.6040510605232869,0.2964479867175247,2023
46404,0.7349849849091473,0.42371543159237857,0.31836195524381006,0.6030367705068468,2023
46490,0.587353816417347,0.23087118247439298,0.12054122418840096,0.5839977702833399,2023
46491,0.8481860504830758,0.29765238729204335,0.6597308803172605,0.5107982601045162,2023
46501,0.04935598463493929,0.5863666637018607,0.8710487600416509,0.21903785625972283,2023
46502,0.38914283412730377,0.8728557512540478,0.13421454673495492,0.1711653233560705,2023
47209,0.16701241693186852,0.746570534519818,0.9617969990390913,0.9176293198032374,2023
47211,0.986909747252802,0.6109689519766919,0.5773560153621622,0.4530074374479355,2023
47303,0.5134448021726075,0.3307939414304697,0.5850945948216962,0.010347144456777202,2023
47325,0.1825078319776816,0.22836303910365396,0.3448929668795847,0.32155954332082937,2023
12205,0.9408808256422757,0.23190476883244282,0.15307518908963924,0.606243719127545,2024
12234,0.6457384949838487,0.14903206381020662,0.9154811922367784,0.7451006296115465,2024
12463,0.024353653127837105,0.8837939093223324,0.4818528752125749,0.5565365077577347,2024
13361,0.6636760020236976,0.7698914893009406,0.9447528395858454,0.12180504655931701,2024
14206,0.8806422170786741,0.4085615421499941,0.07548644835348683,0.6815969688274313,2024
22100,0.14491799986547904,0.29670647771932024,0.6470557843227323,0.6701942086923526,2024
22203,0.0408315258545755,0.6227096290736511,0.7138876306958862,0.029897671044167073,2024
22208,0.19288495729340505,0.0025845856299280268,0.13443672952989005,0.9345301674702142,2024
22222,0.8620901013721461,0.3174886166394245,0.10922424900027039,0.16321706301320538,2024
22302,0.7970520790233337,0.060782546922288794,0.9190993893898421,0.9804612487055481,2024
22304,0.8788214486887034,0.5080247964195601,0.94488595252243,0.5964546725990831,2024
23445,0.11047547495410925,0.4796710197014432,0.23757591951905188,0.7012210730212035,2024
23446,0.4675319571406604,0.07386703198242406,0.5303617299136179,0.2560365442018281,2024
24202,0.6347762757861581,0.5827453708855942,0.34079708155532573,0.7701915130927419,2024
24204,0.27772810328057806,0.8678162482416318,0.5485059063937785,0.8620131979805667,2024
24215,0.18884232072792817,0.11118718767796898,0.9849614257333767,0.6972409461148784,2024
24441,0.9513959519771978,0.47633040957022676,0.680970258201124,0.17788831997421806,2024
26202,0.7343525041271758,0.45427498755311824,0.397423377973685,0.6952894067160291,2024
27220,0.8023580656470266,0.40106976477084255,0.7511515569834091,0.8245572525523165,2024
28205,0.2836443913435953,0.2222507799333726,0.2020261761781733,0.7378439597440264,2024
28224,0.016348547198149488,0.08533828601799975,0.7216231733881345,0.9834313975687488,2024
28226,0.7239731725036233,0.944827052433544,0.3581841636085642,0.8990519919438437,2024
29207,0.6156468824955617,0.690306183297005,0.1405588165672491,0.2512818301499732,2024
30202,0.6481717575069521,0.3099875966223171,0.5558172991833888,0.4914903269395905,2024
30206,0.020092918651350877,0.28766584746799184,0.901137417840779,0.2667734734026076,2024
30361,0.634641290077356,0.537927310153337,0.9092187027726057,0.6956698117577762,2024
30366,0.06716271013258412,0.3105221260923199,0.2602913127050085,0.48481761230369214,2024
31201,0.9225691159263502,0.1312078645526049,0.7189511827718175,0.24623893041667866,2024
31370,0.3160535106353043,0.0545741263397157,0.4883787638743563,0.8936002570649839,2024
32202,0.9386030042832402,0.053202065916464814,0.23735258606809528,0.8841810017084931,2024
32204,0.129465199763379,0.39214730504746365,0.5069544934252642,0.3288470596419346,2024
33202,0.18690072376896905,0.40824294908187964,0.09219841313644228,0.2569459870355888,2024
33204,0.4499574997040682,0.5895115294739933,0.26738661761582505,0.6213802266706472,2024
33205,0.5331996629853631,0.050197380246520984,0.675754185185264,0.7151387009543453,2024
34100,0.7071047288172791,0.7096642188523038,0.47414758524624245,0.19491454218515702,2024
34202,0.8115257643682378,0.8911521059643798,0.05366636187497775,0.6387225007146553,2024
34203,0.029564759387035622,0.938761596118683,0.31934044477875767,0.25694229634158394,2024
34204,0.20816207813284626,0.4161767938569447,0.12707422659348078,0.1357237795486611,2024
34205,0.622483198499963,0.4877278710522227,0.7144398448463373,0.39049018239571387,2024
34207,0.03483751155673276,0.17399853703193058,0.8581944694493503,0.047724391240248076,2024
34211,0.546266374350603,0.3380056547909267,0.1947909180802775,0.9278227592547401,2024
34212,0.5320000574503245,0.060324162307923035,0.4056723823071857,0.005508930463572703,2024
34431,0.19395625158757812,0.24385310610468014,0.6478894282779761,0.9519430360319965,2024
35204,0.2053667627214174,0.6974467564649448,0.827609656036779,0.4702708737737522,2024
35206,0.5582072440389606,0.5748506860973505,0.11181790334369046,0.1382341138100447,2024
35211,0.8427774851497909,0.7196275463365032,0.15951904301215092,0.3759164798133495,2024
35212,0.1219430990952336,0.3792445962087836,0.5306913909905121,0.3615836543182256,2024
35341,0.6014617533955332,0.1599930762346955,0.3251780546599077,0.443225411116815,2024
36201,0.701763797795222,0.6288893457436785,0.3059168419176328,0.5886856723567727,2024
36203,0.8714587870195409,0.6015866936791514,0.040880765079091996,0.5522965859074941,2024
36204,0.7625107764692273,0.4825113290591949,0.10733865105588625,0.3992980961432565,2024
36206,0.3643781962020748,0.2639591833138357,0.09628168472893128,0.9410809073040373,2024
36321,0.5822065907276852,0.8188403845320147,0.8942029526553934,0.2920967293924086,2024
36342,0.8492534911869558,0.7334019534517502,0.9797350370823773,0.3186499062888989,2024
36387,0.3266106422565215,0.0722456181952722,0.37186962441156246,0.4578772732819171,2024
36405,0.3976996029516321,0.22204523925646036,0.29175007571909994,0.003339943640266907,2024
37201,0.2270391923459757,0.5565085963617172,0.5057289425355996,0.5430017921295006,2024
37202,0.8339171555564636,0.21813372011361254,0.2129469616488402,0.4903939438007868,2024
37203,0.08607809271957523,0.4858504039270336,0.38737875625745266,0.5808558367173035,2024
37204,0.8415456258705168,0.5861870857234409,0.8495639891140296,0.6007636095235247,2024
37205,0.9062671458998467,0.501966656830132,0.6141112051392132,0.8572005968255035,2024
37206,0.23233481259340028,0.5130643732624182,0.3931255699058489,0.6352776439453118,2024
37208,0.6414228364061059,0.29120448148494993,0.37063664115125416,0.3071378561282102,2024
37322,0.6145951603059064,0.6349323134128707,0.9195653817107785,0.7542319934447423,2024
37324,0.08311750593451683,0.12046060237887724,0.0708074500953686,0.4731941948569759,2024
37341,0.5750780400592194,0.4945506447314808,0.4822498458621437,0.5962472885238974,2024
37404,0.5923137830891355,0.5406189164280748,0.9799634904969056,0.6681672949669583,2024
37406,0.7701294865509267,0.255476656007092,0.055470751534601126,0.5213529380311527,2024
38201,0.6970015939017085,0.9953684414077848,0.6352953581395139,0.3570436116840082,2024
38202,0.6049352089767469,0.6741101641896349,0.9321569679333251,0.03899109942111589,2024
38203,0.21274615729231294,0.7631947091686839,0.873995672216403,0.011370078092177494,2024
38204,0.39977624248649224,0.8287454798973514,0.6411646661633835,0.681794551108497,2024
38207,0.5982537614241603,0.0973623295179663,0.29971022557733584,0.4532424743837198,2024
38210,0.4027747039492381,0.8404280614438249,0.16785150135049465,0.056451758862019585,2024
38214,0.9363640200219584,0.4742655643237874,0.7447869256680204,0.936142379607199,2024
38506,0.3242502852370198,0.7660503628639861,0.11559147763288058,0.9623211283299307,2024
39201,0.12204463825564704,0.7509418124854992,0.7990535485326392,0.27575043098639185,2024
39202,0.6878982504025944,0.8695747133727877,0.9601117258896293,0.31706700500072904,2024
39203,0.5418511136253512,0.7426108001188485,0.1288963444130845,0.6738926636076419,2024
39204,0.8890936339455994,0.6042417268127708,0.11500976873101032,0.9174145737219062,2024
39205,0.9581638343816465,0.842198909404021,0.0964686226646132,0.43045931412127847,2024
39206,0.21575543943695885,0.13962254203923652,0.31215885947108435,0.4029106637888903,2024
39301,0.8418702579000749,0.524093683869197,0.4270291158463204,0.471631737744054,2024
39302,0.6437858363510662,0.1967026385824655,0.8164113533955147,0.24263874620117976,2024
39304,0.03217016440999931,0.5015170907531633,0.9458560824424002,0.10584266058506209,2024
39386,0.9010702892659144,0.405822019876807,0.8723623728739239,0.7631130335585764,2024
40100,0.7947321859575334,0.08350881164497148,0.4660555913670358,0.7174692663635134,2024
40130,0.04626447360001551,0.23212980337902,0.09600738006813447,0.3037921625449478,2024
40202,0.3382498637430066,0.06321233449887198,0.1804974909411382,0.39209058830207455,2024
40220,0.9877679255347899,0.9900654800880635,0.9397696200383678,0.06096738689596792,2024
40224,0.6856211365191389,0.20458603116710605,0.020253614753029225,0.6619779874651289,2024
40383,0.9991479116185205,0.1037341930127883,0.2617064239618605,0.4498570955712604,2024
41202,0.4911109382911131,0.029300697973984602,0.6327596566692556,0.9774032720361706,2024
41204,0.25432148970838153,0.1691317716747618,0.10738843243813734,0.416524275006132,2024
41205,0.9620415613654186,0.5101926478891268,0.03873606381154915,0.11015497952863984,2024
41206,0.2866664356146963,0.4656613572125311,0.31046586741354165,0.777063888802523,2024
41208,0.8862871537016709,0.31902513233014396,0.3365522140544579,0.5747133883556521,2024
41423,0.7929947249085059,0.03836122474155523,0.6580986187441368,0.7154635217119768,2024
41424,0.45599295653437566,0.5189673554914108,0.2862541853744617,0.9022250190618738,2024
41441,0.3790036557405395,0.8674235205199754,0.4706440404591522,0.008930863836962954,2024
42201,0.7606461635732754,0.0017909648112687249,0.6494807134053175,0.08839411457913982,2024
42202,0.6772649990539139,0.17831509961824676,0.9865409360835593,0.6482925483104788,2024
42203,0.4635118994047702,0.1457310975060051,0.7188325831599345,0.9635722935674343,2024
42204,0.023581505066237796,0.17906412078754408,0.6026227212374028,0.08344994365200831,2024
42205,0.9972599818684518,0.43836834781884115,0.04736468756179457,0.0604951791200532,2024
42207,0.32566336137914564,0.728752505352539,0.14185396868196876,0.5104207954101565,2024
42208,0.1280465967916935,0.0963567315095013,0.5118356818217881,0.285238956180382,2024
42209,0.8491094637234732,0.41935099459291814,0.9482514568826415,0.7530064342648329,2024
42210,0.3847249165993064,0.5575377223730147,0.5087903018431875,0.0028432918008947095,2024
42211,0.4442109140690339,0.6929433616645012,0.9907162685364045,0.9104864409519249,2024
42212,0.05748860137586309,0.8859220831105048,0.37472929924431797,0.5427103559705936,2024
42213,0.6479118255448502,0.27020400252071053,0.9523956226373488,0.3765606236105973,2024
42214,0.9733202013948824,0.7202186711846542,0.0816071906092054,0.98506554934645,2024
42307,0.06983770261518929,0.05846756743391268,0.30357629449636836,0.5940176096224022,2024
42308,0.1643338000990342,0.8416006925471925,0.6524305949015113,0.9494869898854577,2024
42321,0.32960240869006774,0.5868256332759654,0.849029725919743,0.9048996822951076,2024
42383,0.3001101228615378,0.15592558597885242,0.9868686146256713,0.6840788746824974,2024
42411,0.18523476361483382,0.9199088630887851,0.6860572849210315,0.6652030127249389,2024
43202,0.8167351386616307,0.8876399192864578,0.8315322831526756,0.4601811682498469,2024
43205,0.22502019151993502,0.6700203723407725,0.09870959745915842,0.631728200095581,2024
43212,0.11535189586682881,0.01814110768096533,0.223477756396953,0.6706506597570812,2024
43213,0.4622399251444984,0.7922021323679376,0.09502712168319027,0.23057421434722636,2024
43215,0.3449500296223963,0.15163939268699167,0.4195068304136863,0.7366348703193978,2024
43531,0.8512963533791555,0.7143220448600246,0.09673754214137176,0.8372884699288223,2024
44201,0.15131125812737634,0.00044356539968570807,0.8367607640022774,0.749308271743317,2024
44205,0.8117678232582833,0.9651127606819926,0.05259388033309231,0.8342693466920654,2024
44206,0.5182048006185935,0.392780886760591,0.2594507480745969,0.9749760988928179,2024
44207,0.6186622604627137,0.11553595717575238,0.46870613244200077,0.13206901249747438,2024
44209,0.03577827442767656,0.4080623631487139,0.9333791065937761,0.9535660574027376,2024
44210,0.20191054790582152,0.40762354186400673,0.29513224885839995,0.9707666986006405,2024
44211,0.07185991320214136,0.04047037190800562,0.4571086633014313,0.8173474445111253,2024
44212,0.3594518979099933,0.1336616419039316,0.1674728861869108,0.7208673672281029,2024
44341,0.06923833399861268,0.49708679104476794,0.2597760856054119,0.9650405141222927,2024
45204,0.8056149899873395,0.7573640492325142,0.7169075760959317,0.8477904137838412,2024
45207,0.44894530162492796,0.6613434266565476,0.08863071261746858,0.09512920167287686,2024
45406,0.7326670884590075,0.5147391091005196,0.028745622338980148,0.7092846660054355,2024
46201,0.4453130223024174,0.6965717064655514,0.12284155137758945,0.5387869345586138,2024
46203,0.33720708662218335,0.2593767948161303,0.49200353699839416,0.5503243197703032,2024
46204,0.7180957779023875,0.5188425530515309,0.3867438984454581,0.34994000687286664,2024
46206,0.7585812729711038,0.6629527946599612,0.47897521248942543,0.3411484162319167,2024
46210,0.8820503320638688,0.37351709751093254,0.2155445466389735,0.37279690348459116,2024
46213,0.6985723146390426,0.7630919939805144,0.5437185344153265,0.7182584303715333,2024
46214,0.48058694937051016,0.9164840988138586,0.07209657954323523,0.1579593555263502,2024
46215,0.291020302164285,0.890287664692369,0.613668199051441,0.596924461732326,2024
46219,0.9951976082487216,0.5931819825028484,0.9457008297601192,0.4016117847489161,2024
46220,0.5912475812485749,0.5102746592040867,0.9900615734681674,0.6711652823864428,2024
46221,0.47186728906676334,0.3820427475092587,0.2546476868761488,0.5069652618021819,2024
46304,0.7639336206668016,0.6242034669684741,0.0077970353455261154,0.3352706955681425,2024
46404,0.6904827965659603,0.18263144229666395,0.2585649433539614,0.9198311683601714,2024
46490,0.3730750401858205,0.6370568963886494,0.19862035939681233,0.8137273551997254,2024
46491,0.013923880744233785,0.5200896678482965,0.8357648791976828,0.9778481234011734,2024
46501,0.9942713731467386,0.47827794085244246,0.9156387483576033,0.3116037400157404,2024
46502,0.6674302263029248,0.37589052099454323,0.48667408000019796,0.0490209826958502,2024
47209,0.8495167375353784,0.2820655866835218,0.16337700535919464,0.37542654151797683,2024
47211,0.19705713829448046,0.3829118047534277,0.2810514643424713,0.46208068162435234,2024
47303,0.33038258933484577,0.7725105815064532,0.3079000822924012,0.7495283606328466,2024
47325,0.1774044248833636,0.5965009093027586,0.27898701973841034,0.9016646520074507,2024
