agricultural_key,L0,H0,Year,FileName
1310100001,-0.17,-0.43,2024,13
1310200001,-0.7,0.0,2024,13
1310300001,0.41,-0.19,2024,13
1310400001,-0.02,0.78,2024,13
1310500001,-0.96,0.46,2024,13
1310600001,-0.61,-0.26,2024,13
1310700001,0.05,0.89,2024,13
1310800001,0.81,0.14,2024,13
1310899999,0.32,-0.45,2024,13
1310900001,0.4,-0.73,2024,13
1311000008,0.62,0.29,2024,13
1311100026,0.69,0.14,2024,13
1311100999,0.7,-0.32,2024,13
1311200064,0.17,-0.88,2024,13
1311300001,0.97,0.21,2024,13
1311400016,-0.18,-0.1,2024,13
1311500028,0.83,-0.43,2024,13
1311600001,0.45,-0.55,2024,13
1311700001,0.05,0.32,2024,13
1311800001,-0.21,0.66,2024,13
1311900019,-0.02,0.86,2024,13
1312000034,-0.55,0.52,2024,13
1312000035,-0.22,0.04,2024,13
1312000036,0.11,-0.36,2024,13
1312100129,0.11,-0.04,2024,13
1312200036,0.04,0.61,2024,13
1312300062,-0.29,0.42,2024,13
1320101021,0.5,-0.03,2024,13
1320102023,0.02,0.41,2024,13
1320103016,-0.55,-0.48,2024,13
1320104025,-0.69,0.36,2024,13
1320105026,0.84,-0.81,2024,13
1320106013,0.28,0.33,2024,13
1320107014,0.17,0.9,2024,13
1320108009,0.14,-0.56,2024,13
1320109025,-0.42,-0.19,2024,13
1320201001,0.6,0.51,2024,13
1320201002,-0.17,0.58,2024,13
1320201003,-0.17,-0.69,2024,13
1320201004,0.45,0.56,2024,13
1320201005,0.43,0.18,2024,13
1320201006,0.19,0.82,2024,13
1320201007,-0.38,0.88,2024,13
1320202001,-0.86,0.32,2024,13
1320202002,-0.37,0.31,2024,13
1320202003,0.85,-0.93,2024,13
1320202004,0.58,-0.93,2024,13
1320202005,-0.83,-0.98,2024,13
1320202006,0.28,-0.66,2024,13
1320202007,0.93,0.39,2024,13
1320202008,-0.11,0.8,2024,13
1320202009,-0.51,0.38,2024,13
1320202010,-0.92,0.09,2024,13
1320202011,0.16,-0.9,2024,13
1320202012,-0.82,0.11,2024,13
1320202013,0.11,0.54,2024,13
1320202014,-0.96,0.94,2024,13
1320202015,-0.16,0.79,2024,13
1320202901,-0.71,-0.02,2024,13
1320202902,0.13,0.62,2024,13
1320202903,0.51,0.27,2024,13
1320202904,-0.21,-0.84,2024,13
1320202905,-0.98,0.18,2024,13
1320300001,0.75,0.78,2024,13
1320300002,0.71,0.4,2024,13
1320300003,-0.05,-0.0,2024,13
1320300004,0.26,-0.04,2024,13
1320300005,-0.12,0.81,2024,13
1320300006,-0.06,-0.44,2024,13
1320300007,0.41,-0.12,2024,13
1320300008,-0.98,-0.32,2024,13
1320300009,0.94,-0.79,2024,13
1320300010,0.81,0.41,2024,13
1320400001,0.89,-0.72,2024,13
1320400002,0.76,0.23,2024,13
1320400003,-0.35,0.03,2024,13
1320400004,-0.21,0.19,2024,13
1320400005,0.74,0.39,2024,13
1320400006,-0.19,0.46,2024,13
1320400007,0.61,-0.62,2024,13
1320400010,0.69,-0.96,2024,13
1320400011,-0.46,0.64,2024,13
1320400012,-0.72,-0.28,2024,13
1320400013,0.51,-0.41,2024,13
1320400014,-0.14,-0.22,2024,13
1320400015,-0.5,-0.41,2024,13
1320400016,0.68,-0.08,2024,13
1320400017,0.98,0.55,2024,13
1320400018,-0.48,0.5,2024,13
1320400019,0.69,-0.58,2024,13
1320400020,-0.68,-0.72,2024,13
1320400023,0.07,0.36,2024,13
1320400024,-0.15,0.6,2024,13
1320400025,-0.52,-0.85,2024,13
1320400035,-0.93,0.72,2024,13
1320400037,-0.91,0.45,2024,13
1320501038,0.04,-0.07,2024,13
1320502012,0.73,0.59,2024,13
1320503017,0.86,-0.11,2024,13
1320504012,-0.94,-0.32,2024,13
1320505027,0.9,0.87,2024,13
1320506015,0.05,-0.6,2024,13
1320507013,-0.72,0.52,2024,13
1320601008,-0.35,-0.07,2024,13
1320602013,-0.65,-0.7,2024,13
1320602999,-0.98,-0.79,2024,13
1320603010,-0.82,-0.97,2024,13
1320701001,0.65,-0.94,2024,13
1320701002,-0.43,0.97,2024,13
1320701003,0.33,0.39,2024,13
1320701004,0.64,-0.41,2024,13
1320701005,-0.33,-0.46,2024,13
1320701006,0.16,-0.01,2024,13
1320701007,0.37,-0.87,2024,13
1320701008,-0.68,0.08,2024,13
1320702001,-0.44,0.45,2024,13
1320702002,0.37,-0.28,2024,13
1320702003,0.31,-0.66,2024,13
1320702004,0.79,-0.3,2024,13
1320702005,0.09,-0.7,2024,13
1320702006,-0.59,0.83,2024,13
1320702007,-0.28,0.43,2024,13
1320702008,-0.12,0.92,2024,13
1320702009,0.22,0.99,2024,13
1320801001,0.51,-0.77,2024,13
1320801002,-0.74,-0.25,2024,13
1320801003,-0.5,0.68,2024,13
1320801004,-0.02,-0.59,2024,13
1320801005,-0.4,-0.02,2024,13
1320801006,0.78,-0.26,2024,13
1320801007,-0.67,-0.13,2024,13
1320801008,-0.11,0.41,2024,13
1320801009,0.96,0.12,2024,13
1320801010,0.8,0.41,2024,13
1320802001,0.65,0.14,2024,13
1320802002,0.84,0.12,2024,13
1320802003,-0.23,-0.83,2024,13
1320802004,-0.8,0.48,2024,13
1320802005,-0.21,-0.22,2024,13
1320802006,0.43,-0.18,2024,13
1320802007,0.34,0.41,2024,13
1320802008,-0.2,0.51,2024,13
1320802009,-0.52,-0.79,2024,13
1320802010,-0.88,-0.86,2024,13
1320802011,-0.32,-0.88,2024,13
1320901026,0.95,-0.02,2024,13
1320902025,-0.78,0.09,2024,13
1320903016,-0.98,0.1,2024,13
1320904025,-0.26,-0.15,2024,13
1320905020,0.31,-0.76,2024,13
1321000013,0.81,0.99,2024,13
1321000014,0.02,0.1,2024,13
1321000015,-0.06,-0.04,2024,13
1321000016,0.04,0.77,2024,13
1321000017,0.42,0.42,2024,13
1321000018,0.29,-0.59,2024,13
1321000019,0.52,0.49,2024,13
1321000020,0.44,-0.74,2024,13
1321000021,-0.75,1.0,2024,13
1321000022,0.86,-0.11,2024,13
1321100001,0.69,0.52,2024,13
1321100002,-0.5,-0.92,2024,13
1321100003,-0.4,-0.74,2024,13
1321100004,-0.02,-0.9,2024,13
1321100005,-0.04,0.35,2024,13
1321100006,-0.09,-0.48,2024,13
1321100007,0.49,0.62,2024,13
1321100008,-0.8,-0.83,2024,13
1321100009,-0.48,0.36,2024,13
1321100010,0.62,-0.38,2024,13
1321100011,0.34,-0.33,2024,13
1321100012,-0.49,0.18,2024,13
1321100013,0.66,-0.24,2024,13
1321100014,0.57,0.96,2024,13
1321100015,0.59,0.34,2024,13
1321100016,-0.36,-0.9,2024,13
1321100017,0.97,0.85,2024,13
1321100018,-0.26,0.93,2024,13
1321100019,-0.31,0.67,2024,13
1321100020,0.79,0.35,2024,13
1321100021,-0.42,-0.6,2024,13
1321100022,0.81,0.71,2024,13
1321100023,-0.54,-0.86,2024,13
1321100024,0.19,0.75,2024,13
1321100025,0.25,0.13,2024,13
1321100026,-0.59,-0.49,2024,13
1321201022,-0.43,-0.97,2024,13
1321202019,-0.33,0.24,2024,13
1321300001,0.71,-0.07,2024,13
1321300002,0.59,0.65,2024,13
1321300003,-0.16,0.47,2024,13
1321300004,-0.73,-0.61,2024,13
1321300005,0.46,0.94,2024,13
1321300006,-0.37,-0.64,2024,13
1321300007,0.39,-0.02,2024,13
1321300008,-0.91,0.23,2024,13
1321400001,0.4,0.32,2024,13
1321400002,0.22,-0.65,2024,13
1321400003,-0.5,0.54,2024,13
1321400004,0.58,0.25,2024,13
1321400005,0.62,-0.86,2024,13
1321400006,-0.36,-0.37,2024,13
1321400007,0.27,-0.0,2024,13
1321400008,0.59,0.7,2024,13
1321400009,0.15,-0.95,2024,13
1321400010,0.62,0.62,2024,13
1321400011,0.54,-0.68,2024,13
1321400012,0.67,0.31,2024,13
1321400013,0.64,-0.35,2024,13
1321500001,-0.32,-0.84,2024,13
1321500002,-0.59,-0.14,2024,13
1321500003,-0.08,-0.68,2024,13
1321500004,-0.82,-0.99,2024,13
1321500005,-0.46,-0.94,2024,13
1321500006,0.4,-0.67,2024,13
1321500007,0.36,-0.25,2024,13
1321500008,0.77,0.76,2024,13
1321500009,0.16,0.36,2024,13
1321800001,0.02,-0.41,2024,13
1321800002,-0.25,0.18,2024,13
1321800003,-0.87,0.13,2024,13
1321800004,0.52,0.62,2024,13
1321800005,0.62,0.01,2024,13
1321800006,-0.02,0.2,2024,13
1321800007,0.61,-0.37,2024,13
1321800008,0.03,-0.88,2024,13
1321800009,-0.95,0.96,2024,13
1321800010,0.77,0.24,2024,13
1321800011,-0.38,-0.86,2024,13
1321800012,0.14,0.82,2024,13
1321800901,-0.98,-0.72,2024,13
1321800902,0.87,0.21,2024,13
1321900012,-0.35,-0.95,2024,13
1322000001,0.37,-0.21,2024,13
1322000002,-0.08,-0.29,2024,13
1322000003,-0.72,-0.3,2024,13
1322000004,-0.66,0.8,2024,13
1322000005,0.62,-0.12,2024,13
1322000006,0.74,-0.25,2024,13
1322000999,-0.62,0.06,2024,13
1322100001,0.32,0.28,2024,13
1322100002,-0.35,0.36,2024,13
1322100003,-0.87,-0.17,2024,13
1322100004,0.7,-0.02,2024,13
1322100005,0.12,0.79,2024,13
1322100006,0.05,0.03,2024,13
1322100007,0.94,0.79,2024,13
1322200013,-0.72,0.7,2024,13
1322300017,-0.1,-0.5,2024,13
1322300018,0.48,0.77,2024,13
1322300019,0.38,0.56,2024,13
1322300020,0.7,0.6,2024,13
1322300021,-0.68,-0.55,2024,13
1322300022,0.87,0.34,2024,13
1322300023,-0.18,0.49,2024,13
1322300024,-0.38,0.25,2024,13
1322300025,0.39,-0.0,2024,13
1322300026,0.54,-0.97,2024,13
1322300027,0.13,0.55,2024,13
1322300028,-0.96,-0.98,2024,13
1322300029,-0.65,-0.33,2024,13
1322300030,-0.29,-0.7,2024,13
1322401026,0.21,-0.58,2024,13
1322402001,0.0,-0.0,2024,13
1322500021,-0.84,-0.97,2024,13
1322599999,-0.88,0.72,2024,13
1322700001,0.49,-0.31,2024,13
1322700002,0.36,-0.25,2024,13
1322700003,0.06,-0.94,2024,13
1322700006,-0.24,-0.59,2024,13
1322700007,-0.71,-0.38,2024,13
1322700008,-0.51,0.32,2024,13
1322700009,-0.41,-0.19,2024,13
1322700010,0.21,-0.02,2024,13
1322700011,0.27,-0.07,2024,13
1322700014,-0.06,-0.12,2024,13
1322700015,-0.92,0.23,2024,13
1322801015,-0.52,-0.1,2024,13
1322802007,0.26,0.18,2024,13
1322803009,-0.8,0.4,2024,13
1322804001,-0.12,0.67,2024,13
1322805014,0.62,0.64,2024,13
1322806008,-0.99,-0.68,2024,13
1322807009,-0.2,0.37,2024,13
1322808018,-0.38,0.43,2024,13
1322901001,0.57,-0.82,2024,13
1322901004,-0.61,0.76,2024,13
1322901005,0.88,0.25,2024,13
1322901006,0.36,-0.48,2024,13
1322901007,-0.37,-0.05,2024,13
1322901008,-0.94,-0.33,2024,13
1322902001,-0.23,0.76,2024,13
1322902002,-0.78,0.46,2024,13
1322902004,0.45,-0.08,2024,13
1322902005,0.8,-0.92,2024,13
1322902006,0.52,0.48,2024,13
1322902007,0.92,-0.51,2024,13
1322902008,-0.34,-0.99,2024,13
1330301001,0.75,-0.45,2024,13
1330301002,0.07,-0.35,2024,13
1330301003,-0.45,0.82,2024,13
1330301004,0.47,-0.62,2024,13
1330301005,-0.22,0.37,2024,13
1330301006,0.2,-0.74,2024,13
1330301007,0.07,-0.1,2024,13
1330301008,0.68,0.1,2024,13
1330301009,0.58,0.23,2024,13
1330301010,-0.28,0.32,2024,13
1330301011,-0.73,-0.94,2024,13
1330301012,0.3,0.62,2024,13
1330301013,-0.57,0.61,2024,13
1330301014,0.73,0.57,2024,13
1330301015,0.94,0.0,2024,13
1330301016,-0.26,-0.55,2024,13
1330301017,0.64,-0.51,2024,13
1330301018,-0.87,0.44,2024,13
1330301019,0.76,0.49,2024,13
1330301020,-0.34,-0.92,2024,13
1330301021,-0.69,-0.02,2024,13
1330301022,-0.42,-0.84,2024,13
1330301023,0.66,-0.96,2024,13
1330301999,0.41,-0.8,2024,13
1330302001,-0.55,-0.76,2024,13
1330302002,-0.78,-0.96,2024,13
1330302003,0.67,-0.61,2024,13
1330302004,0.98,-0.17,2024,13
1330302005,0.68,0.75,2024,13
1330501001,-0.46,0.74,2024,13
1330502002,0.42,0.12,2024,13
1330700001,-0.01,-0.09,2024,13
1330700002,-0.24,-0.65,2024,13
1330700005,-0.38,0.19,2024,13
1330700006,-0.95,-0.18,2024,13
1330700007,-0.39,-0.93,2024,13
1330700008,-0.61,0.08,2024,13
1330700009,-0.07,-0.02,2024,13
1330700010,0.36,0.5,2024,13
1330700011,-0.59,0.58,2024,13
1330700012,0.93,-0.44,2024,13
1330700013,0.07,-0.58,2024,13
1330700014,0.07,0.17,2024,13
1330700015,-0.49,0.47,2024,13
1330700016,-0.85,0.87,2024,13
1330700017,-0.8,-0.59,2024,13
1330700018,-0.12,0.43,2024,13
1330700019,-0.28,0.21,2024,13
1330700020,-0.8,-0.69,2024,13
1330700021,-0.3,-0.75,2024,13
1330700022,-0.22,-0.4,2024,13
1330700023,-0.66,0.07,2024,13
1330700024,0.21,0.63,2024,13
1330700027,-0.84,-0.1,2024,13
1330700031,0.04,0.18,2024,13
1330700032,-0.76,-0.35,2024,13
1330700033,-0.46,-0.35,2024,13
1330801001,-0.77,0.58,2024,13
1330801002,-0.54,-0.94,2024,13
1330801003,0.81,-0.45,2024,13
1330801004,-0.05,0.82,2024,13
1330801005,-0.12,-0.65,2024,13
1330801006,-0.91,-0.39,2024,13
1330801007,0.96,0.22,2024,13
1330801008,-0.08,0.42,2024,13
1330801009,0.41,-0.19,2024,13
1330801010,-0.89,-0.95,2024,13
1330801011,0.06,-0.29,2024,13
1330801012,0.76,-0.64,2024,13
1330801013,0.79,0.18,2024,13
1330802001,-0.76,-0.99,2024,13
1330802002,0.31,-0.22,2024,13
1330802003,0.73,-0.44,2024,13
1330802004,-0.94,-0.82,2024,13
1330802005,0.45,0.37,2024,13
1330802006,-0.68,0.94,2024,13
1330802007,-0.79,0.8,2024,13
1330802008,-0.48,0.25,2024,13
1330802009,-0.65,0.71,2024,13
1330802010,-0.07,-0.01,2024,13
1330802011,-0.4,-0.48,2024,13
1330802012,0.49,-0.77,2024,13
1330802013,0.16,0.23,2024,13
1330802014,-0.41,-0.94,2024,13
1330803001,0.59,-0.35,2024,13
1330803002,-0.27,-0.21,2024,13
1330803003,0.46,0.61,2024,13
1330803004,0.68,0.37,2024,13
1330803005,-1.0,0.8,2024,13
1330803006,-0.09,-0.26,2024,13
1336101001,-0.59,-0.66,2024,13
1336101002,0.18,-0.01,2024,13
1336102003,0.51,0.16,2024,13
1336103003,-0.69,-0.25,2024,13
1336104001,-0.87,0.96,2024,13
1336104002,-0.38,0.46,2024,13
1336105004,-0.96,-0.7,2024,13
1336105005,-0.16,-0.09,2024,13
1336106003,-0.33,-0.03,2024,13
1336199999,0.94,-0.3,2024,13
1336200001,-0.38,1.0,2024,13
1336301001,0.3,-0.97,2024,13
1336302001,-0.92,-0.6,2024,13
1336302002,0.71,-0.07,2024,13
1336399999,-0.35,-0.97,2024,13
1336400001,0.64,0.83,2024,13
1336499999,0.55,-0.99,2024,13
1338100999,0.29,-0.75,2024,13
1338101001,-0.87,-0.81,2024,13
1338101002,-0.02,-0.57,2024,13
1338101003,-0.93,-0.89,2024,13
1338102001,-0.1,0.23,2024,13
1338102002,0.04,-0.83,2024,13
1338103001,-0.48,-0.9,2024,13
1338103002,0.6,0.5,2024,13
1338199999,-0.25,-0.5,2024,13
1338200003,-0.94,0.39,2024,13
1338299999,0.22,-0.64,2024,13
1340101005,0.37,0.27,2024,13
1340102004,-0.25,-0.17,2024,13
1340103001,-0.46,0.36,2024,13
1340104001,-0.06,0.63,2024,13
1340105001,0.38,0.52,2024,13
1340199999,-0.23,-0.45,2024,13
1340200005,0.37,0.31,2024,13
1342100001,-0.53,-0.17,2024,13
1342100002,0.79,-0.2,2024,13
1342199999,0.37,0.93,2024,13
1380199999,0.15,-0.31,2024,13
1380299999,-0.98,-0.04,2024,13
1380399999,0.07,0.48,2024,13
1380499999,-0.7,0.57,2024,13
1380699999,-0.67,-0.18,2024,13
1380799999,-0.24,0.5,2024,13
1310100001,-0.32,0.22,2023,13
1310200001,0.55,0.76,2023,13
1310300001,-0.81,0.11,2023,13
1310400001,0.66,-0.39,2023,13
1310500001,0.05,-0.83,2023,13
1310600001,0.57,0.38,2023,13
1310700001,-0.84,0.9,2023,13
1310800001,-0.05,-0.43,2023,13
1310899999,-0.93,0.78,2023,13
1310900001,-0.38,0.22,2023,13
1311000008,-0.44,-0.68,2023,13
1311100026,0.19,0.28,2023,13
1311100999,-0.04,0.42,2023,13
1311200064,-0.38,-0.64,2023,13
1311300001,0.93,-0.33,2023,13
1311400016,0.49,0.88,2023,13
1311500028,-0.1,-0.11,2023,13
1311600001,-0.58,0.94,2023,13
1311700001,0.33,-0.7,2023,13
1311800001,-0.14,-0.58,2023,13
1311900019,0.8,0.83,2023,13
1312000034,-0.5,-0.54,2023,13
1312000035,-0.07,-0.34,2023,13
1312000036,-0.91,-0.62,2023,13
1312100129,-0.29,-0.68,2023,13
1312200036,-0.98,-0.34,2023,13
1312300062,0.84,0.45,2023,13
1320101021,0.74,0.08,2023,13
1320102023,0.47,-0.23,2023,13
1320103016,0.11,-0.19,2023,13
1320104025,-0.36,-0.27,2023,13
1320105026,0.13,-0.26,2023,13
1320106013,0.26,-0.66,2023,13
1320107014,0.19,-0.03,2023,13
1320108009,0.93,0.57,2023,13
1320109025,-0.04,-0.72,2023,13
1320201001,-0.7,0.04,2023,13
1320201002,-0.52,0.63,2023,13
1320201003,-0.03,0.4,2023,13
1320201004,0.67,-0.45,2023,13
1320201005,0.54,-0.5,2023,13
1320201006,-0.78,-0.05,2023,13
1320201007,0.87,0.4,2023,13
1320202001,-0.2,-0.48,2023,13
1320202002,0.31,0.55,2023,13
1320202003,-0.14,-0.03,2023,13
1320202004,0.02,0.98,2023,13
1320202005,-0.04,0.28,2023,13
1320202006,-0.66,0.81,2023,13
1320202007,0.85,0.48,2023,13
1320202008,-0.62,0.56,2023,13
1320202009,-0.33,0.26,2023,13
1320202010,0.08,-0.43,2023,13
1320202011,-0.27,0.13,2023,13
1320202012,-0.55,0.09,2023,13
1320202013,-0.91,-0.82,2023,13
1320202014,0.42,0.61,2023,13
1320202015,-0.64,0.35,2023,13
1320202901,0.93,0.13,2023,13
1320202902,-0.42,0.29,2023,13
1320202903,-0.46,0.79,2023,13
1320202904,-0.36,1.0,2023,13
1320202905,0.13,-0.71,2023,13
1320300001,-0.02,-0.41,2023,13
1320300002,-0.4,0.56,2023,13
1320300003,0.76,-0.65,2023,13
1320300004,0.94,0.3,2023,13
1320300005,0.76,0.19,2023,13
1320300006,0.12,0.08,2023,13
1320300007,-0.85,0.13,2023,13
1320300008,0.13,-0.05,2023,13
1320300009,0.33,0.26,2023,13
1320300010,-0.62,0.2,2023,13
1320400001,-0.33,0.32,2023,13
1320400002,-0.51,0.63,2023,13
1320400003,0.17,-0.02,2023,13
1320400004,0.74,-0.65,2023,13
1320400005,0.25,-0.27,2023,13
1320400006,-0.81,-0.65,2023,13
1320400007,-0.37,0.24,2023,13
1320400010,-0.72,0.51,2023,13
1320400011,0.29,-0.08,2023,13
1320400012,0.95,0.05,2023,13
1320400013,-0.13,-0.89,2023,13
1320400014,0.86,-0.92,2023,13
1320400015,0.6,0.13,2023,13
1320400016,0.97,0.76,2023,13
1320400017,0.21,0.77,2023,13
1320400018,-0.54,-0.09,2023,13
1320400019,-0.58,0.37,2023,13
1320400020,0.98,-0.38,2023,13
1320400023,0.38,0.7,2023,13
1320400024,0.95,-0.05,2023,13
1320400025,0.31,0.68,2023,13
1320400035,-0.29,0.18,2023,13
1320400037,-0.94,0.22,2023,13
1320501038,0.87,-0.61,2023,13
1320502012,0.81,-0.64,2023,13
1320503017,0.79,0.96,2023,13
1320504012,-0.72,-0.93,2023,13
1320505027,-0.84,-0.97,2023,13
1320506015,-0.58,-0.49,2023,13
1320507013,-0.31,-0.64,2023,13
1320601008,-0.62,-0.57,2023,13
1320602013,0.42,0.12,2023,13
1320602999,-0.38,0.72,2023,13
1320603010,0.32,0.34,2023,13
1320701001,-0.64,-0.57,2023,13
1320701002,0.08,-0.3,2023,13
1320701003,-0.52,0.51,2023,13
1320701004,-0.58,-0.99,2023,13
1320701005,-0.11,-0.03,2023,13
1320701006,-0.88,0.89,2023,13
1320701007,0.21,-0.88,2023,13
1320701008,-0.32,0.55,2023,13
1320702001,0.59,0.87,2023,13
1320702002,-0.03,-0.87,2023,13
1320702003,0.94,0.41,2023,13
1320702004,0.41,0.58,2023,13
1320702005,0.43,0.25,2023,13
1320702006,0.3,0.88,2023,13
1320702007,-0.11,-0.09,2023,13
1320702008,0.46,-0.59,2023,13
1320702009,0.51,-0.72,2023,13
1320801001,-0.03,0.35,2023,13
1320801002,-0.66,-0.93,2023,13
1320801003,0.89,0.92,2023,13
1320801004,0.1,0.61,2023,13
1320801005,-0.45,-0.69,2023,13
1320801006,-0.57,0.69,2023,13
1320801007,0.96,-0.25,2023,13
1320801008,0.99,0.67,2023,13
1320801009,0.73,-0.11,2023,13
1320801010,-0.3,-0.98,2023,13
1320802001,0.86,-0.53,2023,13
1320802002,-0.99,-0.44,2023,13
1320802003,-0.35,-0.6,2023,13
1320802004,0.64,-0.59,2023,13
1320802005,-0.44,-0.34,2023,13
1320802006,-0.93,0.4,2023,13
1320802007,-1.0,0.65,2023,13
1320802008,0.33,-0.47,2023,13
1320802009,-0.89,0.81,2023,13
1320802010,-0.46,-0.76,2023,13
1320802011,-0.4,-0.63,2023,13
1320901026,-0.93,-0.51,2023,13
1320902025,-0.9,-0.83,2023,13
1320903016,0.73,-0.47,2023,13
1320904025,-0.64,0.5,2023,13
1320905020,0.6,0.71,2023,13
1321000013,-0.93,0.12,2023,13
1321000014,0.47,0.58,2023,13
1321000015,0.17,0.7,2023,13
1321000016,-0.69,0.45,2023,13
1321000017,-0.52,-0.3,2023,13
1321000018,-0.23,0.05,2023,13
1321000019,-0.58,0.69,2023,13
1321000020,0.43,0.57,2023,13
1321000021,-0.17,-0.5,2023,13
1321000022,0.93,-0.85,2023,13
1321100001,-0.84,-0.15,2023,13
1321100002,-0.26,0.94,2023,13
1321100003,0.02,-0.05,2023,13
1321100004,0.83,-0.32,2023,13
1321100005,-0.76,-0.31,2023,13
1321100006,0.89,-0.63,2023,13
1321100007,-0.31,-0.07,2023,13
1321100008,0.08,0.51,2023,13
1321100009,0.99,-0.73,2023,13
1321100010,0.33,-0.36,2023,13
1321100011,-0.58,0.44,2023,13
1321100012,0.42,-0.85,2023,13
1321100013,0.97,0.17,2023,13
1321100014,-0.43,-0.19,2023,13
1321100015,-0.73,0.23,2023,13
1321100016,-0.46,-0.56,2023,13
1321100017,-0.97,-0.26,2023,13
1321100018,0.71,-0.6,2023,13
1321100019,-0.94,0.81,2023,13
1321100020,0.68,0.05,2023,13
1321100021,-0.34,0.4,2023,13
1321100022,-0.22,-0.08,2023,13
1321100023,0.85,0.51,2023,13
1321100024,-0.5,0.5,2023,13
1321100025,0.5,0.85,2023,13
1321100026,-0.59,0.96,2023,13
1321201022,-0.28,0.02,2023,13
1321202019,0.82,-0.36,2023,13
1321300001,0.58,-0.12,2023,13
1321300002,0.88,-0.8,2023,13
1321300003,-0.52,0.0,2023,13
1321300004,-0.43,0.51,2023,13
1321300005,-0.85,-0.34,2023,13
1321300006,0.8,0.69,2023,13
1321300007,-0.66,-0.75,2023,13
1321300008,-0.68,-0.74,2023,13
1321400001,0.15,-0.56,2023,13
1321400002,0.3,-0.84,2023,13
1321400003,0.37,-0.75,2023,13
1321400004,0.23,0.31,2023,13
1321400005,0.41,0.72,2023,13
1321400006,-0.13,-0.22,2023,13
1321400007,-0.71,0.38,2023,13
1321400008,-0.07,-0.95,2023,13
1321400009,0.11,-0.64,2023,13
1321400010,0.26,0.88,2023,13
1321400011,0.68,-0.95,2023,13
1321400012,-0.97,-0.09,2023,13
1321400013,-0.27,0.71,2023,13
1321500001,0.85,-0.71,2023,13
1321500002,-0.97,0.26,2023,13
1321500003,0.39,0.34,2023,13
1321500004,0.33,-0.62,2023,13
1321500005,-0.79,0.05,2023,13
1321500006,-0.43,0.69,2023,13
1321500007,-0.96,0.03,2023,13
1321500008,-0.37,-0.43,2023,13
1321500009,-0.82,0.0,2023,13
1321800001,0.59,-0.29,2023,13
1321800002,-0.57,-0.06,2023,13
1321800003,0.01,-0.69,2023,13
1321800004,0.66,0.43,2023,13
1321800005,-0.15,-0.85,2023,13
1321800006,0.92,0.09,2023,13
1321800007,0.26,-0.26,2023,13
1321800008,-0.92,-0.57,2023,13
1321800009,0.41,-0.4,2023,13
1321800010,0.26,0.77,2023,13
1321800011,-0.61,-0.64,2023,13
1321800012,-0.11,0.58,2023,13
1321800901,-0.2,0.31,2023,13
1321800902,0.17,-0.42,2023,13
1321900012,0.52,0.02,2023,13
1322000001,-0.03,0.99,2023,13
1322000002,-0.31,0.22,2023,13
1322000003,-0.58,-0.29,2023,13
1322000004,0.04,-0.07,2023,13
1322000005,-0.76,0.31,2023,13
1322000006,0.65,0.09,2023,13
1322000999,-0.29,-0.11,2023,13
1322100001,-0.44,0.51,2023,13
1322100002,-0.88,-0.93,2023,13
1322100003,-0.36,-0.37,2023,13
1322100004,-0.33,-0.57,2023,13
1322100005,0.29,0.11,2023,13
1322100006,0.45,0.8,2023,13
1322100007,-0.16,-0.49,2023,13
1322200013,0.74,-0.33,2023,13
1322300017,0.24,-0.99,2023,13
1322300018,-0.67,0.15,2023,13
1322300019,-0.68,0.79,2023,13
1322300020,0.91,-0.54,2023,13
1322300021,-0.9,-0.82,2023,13
1322300022,-0.28,-0.03,2023,13
1322300023,-0.0,-0.92,2023,13
1322300024,0.42,0.22,2023,13
1322300025,-0.29,-0.89,2023,13
1322300026,0.42,-0.62,2023,13
1322300027,0.86,0.18,2023,13
1322300028,0.92,0.38,2023,13
1322300029,0.11,0.21,2023,13
1322300030,-0.04,-0.58,2023,13
1322401026,-0.34,0.55,2023,13
1322402001,-0.95,-0.24,2023,13
1322500021,-0.28,0.45,2023,13
1322599999,0.41,-0.02,2023,13
1322700001,0.13,-0.39,2023,13
1322700002,-0.62,0.75,2023,13
1322700003,-0.96,0.2,2023,13
1322700006,-0.03,0.61,2023,13
1322700007,0.7,0.9,2023,13
1322700008,0.8,0.28,2023,13
1322700009,0.8,-0.61,2023,13
1322700010,0.91,-0.29,2023,13
1322700011,-0.96,-0.46,2023,13
1322700014,0.84,-0.63,2023,13
1322700015,0.45,0.66,2023,13
1322801015,-0.27,0.3,2023,13
1322802007,0.96,-0.89,2023,13
1322803009,-0.83,-0.39,2023,13
1322804001,-0.28,0.04,2023,13
1322805014,0.42,-0.29,2023,13
1322806008,-0.3,0.48,2023,13
1322807009,0.86,0.18,2023,13
1322808018,0.49,0.73,2023,13
1322901001,-0.69,-0.22,2023,13
1322901004,-0.65,0.29,2023,13
1322901005,-0.56,0.58,2023,13
1322901006,-0.3,0.95,2023,13
1322901007,-0.53,0.41,2023,13
1322901008,0.31,0.94,2023,13
1322902001,0.26,-0.88,2023,13
1322902002,0.9,-0.4,2023,13
1322902004,-0.54,-0.87,2023,13
1322902005,-0.03,-0.15,2023,13
1322902006,-0.54,0.4,2023,13
1322902007,-0.83,-0.31,2023,13
1322902008,-0.88,0.32,2023,13
1330301001,0.45,-0.1,2023,13
1330301002,0.37,-0.31,2023,13
1330301003,0.86,-0.36,2023,13
1330301004,-0.51,0.97,2023,13
1330301005,-0.65,-0.63,2023,13
1330301006,0.94,0.41,2023,13
1330301007,-0.43,-0.82,2023,13
1330301008,0.39,-0.22,2023,13
1330301009,-0.57,-0.25,2023,13
1330301010,0.29,-0.09,2023,13
1330301011,-0.41,-0.57,2023,13
1330301012,0.01,0.59,2023,13
1330301013,-0.62,0.43,2023,13
1330301014,0.82,0.45,2023,13
1330301015,-0.78,0.47,2023,13
1330301016,0.27,0.87,2023,13
1330301017,0.36,-0.33,2023,13
1330301018,-0.87,-0.56,2023,13
1330301019,-0.23,-0.29,2023,13
1330301020,-0.9,-0.19,2023,13
1330301021,0.44,-0.03,2023,13
1330301022,0.06,0.44,2023,13
1330301023,-0.92,-0.33,2023,13
1330301999,0.82,0.96,2023,13
1330302001,-0.55,0.17,2023,13
1330302002,0.58,-0.97,2023,13
1330302003,-0.93,0.68,2023,13
1330302004,0.3,-0.64,2023,13
1330302005,-0.2,-0.75,2023,13
1330501001,-0.86,0.59,2023,13
1330502002,0.85,-0.56,2023,13
1330700001,-0.6,-0.08,2023,13
1330700002,-0.97,-0.78,2023,13
1330700005,0.37,-0.57,2023,13
1330700006,-0.3,-0.05,2023,13
1330700007,-0.83,0.24,2023,13
1330700008,0.83,-0.07,2023,13
1330700009,0.76,0.76,2023,13
1330700010,-0.19,-0.39,2023,13
1330700011,0.05,0.6,2023,13
1330700012,-0.87,-0.69,2023,13
1330700013,-0.52,-0.08,2023,13
1330700014,0.35,0.23,2023,13
1330700015,-1.0,-0.68,2023,13
1330700016,-0.92,0.75,2023,13
1330700017,-0.25,-0.73,2023,13
1330700018,0.45,-0.98,2023,13
1330700019,-0.62,0.88,2023,13
1330700020,-0.79,-0.96,2023,13
1330700021,0.05,-0.44,2023,13
1330700022,-0.86,0.06,2023,13
1330700023,-0.84,-0.54,2023,13
1330700024,-0.22,0.4,2023,13
1330700027,-0.21,0.64,2023,13
1330700031,0.68,-0.45,2023,13
1330700032,0.91,0.36,2023,13
1330700033,0.1,0.35,2023,13
1330801001,0.89,0.06,2023,13
1330801002,-0.33,0.61,2023,13
1330801003,0.73,0.9,2023,13
1330801004,0.19,-0.56,2023,13
1330801005,0.73,0.11,2023,13
1330801006,-0.06,0.22,2023,13
1330801007,0.02,-0.98,2023,13
1330801008,-0.33,-0.27,2023,13
1330801009,-0.24,0.01,2023,13
1330801010,0.54,0.12,2023,13
1330801011,-0.4,0.15,2023,13
1330801012,0.61,0.88,2023,13
1330801013,0.23,0.15,2023,13
1330802001,-0.78,-0.53,2023,13
1330802002,0.27,0.15,2023,13
1330802003,-0.54,-0.04,2023,13
1330802004,-0.69,0.59,2023,13
1330802005,-0.69,0.04,2023,13
1330802006,0.73,0.74,2023,13
1330802007,-0.3,-0.3,2023,13
1330802008,0.51,0.67,2023,13
1330802009,-0.11,0.27,2023,13
1330802010,0.2,0.59,2023,13
1330802011,0.2,0.49,2023,13
1330802012,0.3,-0.37,2023,13
1330802013,0.0,0.09,2023,13
1330802014,0.39,0.54,2023,13
1330803001,0.31,0.57,2023,13
1330803002,-0.75,0.07,2023,13
1330803003,0.4,-0.97,2023,13
1330803004,-0.15,0.8,2023,13
1330803005,0.52,0.13,2023,13
1330803006,0.2,-0.95,2023,13
1336101001,0.82,0.76,2023,13
1336101002,-0.17,-0.38,2023,13
1336102003,0.51,0.17,2023,13
1336103003,-0.18,0.87,2023,13
1336104001,0.34,0.14,2023,13
1336104002,-0.33,-0.44,2023,13
1336105004,0.68,-0.79,2023,13
1336105005,0.5,-0.35,2023,13
1336106003,-0.22,0.23,2023,13
1336199999,-0.1,0.37,2023,13
1336200001,0.4,-0.07,2023,13
1336301001,-0.88,-0.01,2023,13
1336302001,-0.04,-0.15,2023,13
1336302002,0.98,0.14,2023,13
1336399999,0.95,0.11,2023,13
1336400001,-0.71,-0.08,2023,13
1336499999,0.61,-0.89,2023,13
1338100999,0.85,-0.5,2023,13
1338101001,0.83,-0.79,2023,13
1338101002,0.32,0.91,2023,13
1338101003,-0.47,0.63,2023,13
1338102001,0.92,-0.86,2023,13
1338102002,0.96,-0.09,2023,13
1338103001,0.9,0.68,2023,13
1338103002,-0.38,-0.77,2023,13
1338199999,-0.41,0.31,2023,13
1338200003,-0.64,-0.04,2023,13
1338299999,-0.15,-0.54,2023,13
1340101005,-0.51,-0.53,2023,13
1340102004,0.58,0.16,2023,13
1340103001,-0.76,0.2,2023,13
1340104001,-0.61,-0.96,2023,13
1340105001,-0.42,0.69,2023,13
1340199999,-0.69,0.32,2023,13
1340200005,0.27,0.38,2023,13
1342100001,-0.82,-0.45,2023,13
1342100002,0.73,0.98,2023,13
1342199999,0.52,-0.15,2023,13
1380199999,0.74,0.1,2023,13
1380299999,0.08,-0.78,2023,13
1380399999,-0.93,-0.14,2023,13
1380499999,0.62,0.86,2023,13
1380699999,0.71,0.55,2023,13
1380799999,0.07,-0.98,2023,13
1310100001,0.12,0.43,2022,13
1310200001,0.51,0.05,2022,13
1310300001,0.24,-0.62,2022,13
1310400001,0.39,-0.22,2022,13
1310500001,0.76,0.77,2022,13
1310600001,-0.53,0.68,2022,13
1310700001,0.29,-0.17,2022,13
1310800001,-0.06,-0.3,2022,13
1310899999,-0.23,0.5,2022,13
1310900001,-0.07,0.08,2022,13
1311000008,-0.58,0.82,2022,13
1311100026,0.36,0.72,2022,13
1311100999,0.47,-0.22,2022,13
1311200064,-0.52,-0.3,2022,13
1311300001,-0.47,0.12,2022,13
1311400016,-0.08,0.17,2022,13
1311500028,0.73,0.29,2022,13
1311600001,0.79,0.89,2022,13
1311700001,-0.2,-0.37,2022,13
1311800001,0.44,0.27,2022,13
1311900019,-0.75,-0.35,2022,13
1312000034,-0.87,0.18,2022,13
1312000035,0.26,0.32,2022,13
1312000036,0.21,-0.66,2022,13
1312100129,0.69,0.91,2022,13
1312200036,-0.15,-0.53,2022,13
1312300062,0.77,-0.05,2022,13
1320101021,-0.22,0.48,2022,13
1320102023,0.98,0.24,2022,13
1320103016,0.32,0.91,2022,13
1320104025,0.24,0.56,2022,13
1320105026,-0.04,-0.95,2022,13
1320106013,-0.38,-0.45,2022,13
1320107014,-0.21,-0.47,2022,13
1320108009,0.43,0.83,2022,13
1320109025,-0.53,0.53,2022,13
1320201001,-0.74,0.92,2022,13
1320201002,-0.9,-0.18,2022,13
1320201003,-0.62,0.61,2022,13
1320201004,-0.05,-0.85,2022,13
1320201005,0.5,0.75,2022,13
1320201006,0.51,0.21,2022,13
1320201007,0.84,-0.33,2022,13
1320202001,0.16,0.2,2022,13
1320202002,0.63,0.72,2022,13
1320202003,0.6,0.98,2022,13
1320202004,-0.9,0.69,2022,13
1320202005,0.76,0.75,2022,13
1320202006,-0.05,0.26,2022,13
1320202007,0.48,0.41,2022,13
1320202008,-0.27,0.08,2022,13
1320202009,0.64,0.29,2022,13
1320202010,0.41,-0.21,2022,13
1320202011,-0.65,0.22,2022,13
1320202012,0.48,0.32,2022,13
1320202013,0.99,-0.72,2022,13
1320202014,0.94,0.03,2022,13
1320202015,0.85,0.63,2022,13
1320202901,0.58,0.05,2022,13
1320202902,0.3,0.13,2022,13
1320202903,-0.92,-0.9,2022,13
1320202904,0.94,-0.58,2022,13
1320202905,0.65,0.08,2022,13
1320300001,-0.94,-0.03,2022,13
1320300002,0.95,-0.54,2022,13
1320300003,0.76,-0.19,2022,13
1320300004,0.24,0.5,2022,13
1320300005,-0.94,0.29,2022,13
1320300006,0.92,-0.24,2022,13
1320300007,0.08,-0.43,2022,13
1320300008,-0.32,-0.0,2022,13
1320300009,0.11,0.49,2022,13
1320300010,0.36,-0.6,2022,13
1320400001,0.99,-0.16,2022,13
1320400002,-0.68,-0.12,2022,13
1320400003,-0.05,0.29,2022,13
1320400004,-0.55,-0.34,2022,13
1320400005,0.3,0.29,2022,13
1320400006,-0.83,0.23,2022,13
1320400007,0.53,-0.4,2022,13
1320400010,0.72,-0.12,2022,13
1320400011,0.82,-0.13,2022,13
1320400012,-0.63,-0.7,2022,13
1320400013,-0.74,0.88,2022,13
1320400014,0.05,-0.09,2022,13
1320400015,0.1,1.0,2022,13
1320400016,0.01,-0.54,2022,13
1320400017,-0.62,-0.78,2022,13
1320400018,0.39,-0.85,2022,13
1320400019,0.6,-0.17,2022,13
1320400020,0.45,-0.62,2022,13
1320400023,-0.65,0.13,2022,13
1320400024,0.99,-0.61,2022,13
1320400025,-0.51,-0.55,2022,13
1320400035,0.26,-0.27,2022,13
1320400037,0.06,0.21,2022,13
1320501038,-0.79,-0.05,2022,13
1320502012,0.2,0.01,2022,13
1320503017,-0.32,-0.26,2022,13
1320504012,0.98,-0.91,2022,13
1320505027,0.49,-0.66,2022,13
1320506015,-0.72,-0.16,2022,13
1320507013,-0.74,0.1,2022,13
1320601008,0.15,-0.19,2022,13
1320602013,-0.18,-0.49,2022,13
1320602999,0.92,0.04,2022,13
1320603010,-0.06,0.31,2022,13
1320701001,0.49,0.65,2022,13
1320701002,-0.36,0.74,2022,13
1320701003,0.26,-0.88,2022,13
1320701004,0.64,-0.67,2022,13
1320701005,-0.27,-0.09,2022,13
1320701006,-0.0,0.02,2022,13
1320701007,0.96,0.1,2022,13
1320701008,0.28,-0.38,2022,13
1320702001,0.9,-0.49,2022,13
1320702002,0.81,0.22,2022,13
1320702003,-0.15,0.21,2022,13
1320702004,-0.49,0.17,2022,13
1320702005,0.21,-0.71,2022,13
1320702006,0.24,0.57,2022,13
1320702007,-0.41,0.45,2022,13
1320702008,-0.1,-0.05,2022,13
1320702009,-0.26,0.6,2022,13
1320801001,-0.32,-0.77,2022,13
1320801002,-0.46,0.01,2022,13
1320801003,0.18,0.45,2022,13
1320801004,-0.86,0.85,2022,13
1320801005,0.21,-0.53,2022,13
1320801006,-0.32,-0.83,2022,13
1320801007,0.16,0.32,2022,13
1320801008,0.18,0.9,2022,13
1320801009,0.3,-0.98,2022,13
1320801010,0.27,-0.45,2022,13
1320802001,-0.47,-0.21,2022,13
1320802002,0.18,-0.39,2022,13
1320802003,-0.52,0.52,2022,13
1320802004,-0.25,0.91,2022,13
1320802005,0.87,0.28,2022,13
1320802006,0.91,0.59,2022,13
1320802007,0.62,-0.51,2022,13
1320802008,-0.86,0.87,2022,13
1320802009,0.6,-0.75,2022,13
1320802010,-0.81,-0.57,2022,13
1320802011,-0.83,-0.1,2022,13
1320901026,0.37,0.66,2022,13
1320902025,0.18,-0.67,2022,13
1320903016,-0.68,0.01,2022,13
1320904025,-0.85,0.8,2022,13
1320905020,-0.25,0.45,2022,13
1321000013,-0.32,0.31,2022,13
1321000014,0.98,0.7,2022,13
1321000015,0.64,-0.19,2022,13
1321000016,0.53,-0.15,2022,13
1321000017,0.62,-0.84,2022,13
1321000018,-0.92,0.31,2022,13
1321000019,0.46,0.22,2022,13
1321000020,-0.26,-0.36,2022,13
1321000021,0.0,-0.97,2022,13
1321000022,0.76,0.67,2022,13
1321100001,-0.98,-0.33,2022,13
1321100002,0.51,0.0,2022,13
1321100003,0.57,0.28,2022,13
1321100004,0.13,-0.44,2022,13
1321100005,-0.25,0.1,2022,13
1321100006,-0.76,0.76,2022,13
1321100007,0.33,0.5,2022,13
1321100008,0.5,0.84,2022,13
1321100009,0.07,0.97,2022,13
1321100010,-0.68,0.78,2022,13
1321100011,-0.89,-0.47,2022,13
1321100012,0.83,0.77,2022,13
1321100013,0.61,-0.45,2022,13
1321100014,0.81,-0.08,2022,13
1321100015,-0.89,-0.67,2022,13
1321100016,-0.95,-0.09,2022,13
1321100017,-0.79,-0.64,2022,13
1321100018,0.33,-0.81,2022,13
1321100019,-0.59,-0.37,2022,13
1321100020,-0.21,0.71,2022,13
1321100021,-0.82,0.97,2022,13
1321100022,-0.14,-0.47,2022,13
1321100023,0.89,-0.7,2022,13
1321100024,-0.7,-0.3,2022,13
1321100025,-0.63,-0.04,2022,13
1321100026,0.78,-0.34,2022,13
1321201022,0.49,-0.29,2022,13
1321202019,0.16,0.37,2022,13
1321300001,0.72,-0.04,2022,13
1321300002,-0.05,-0.93,2022,13
1321300003,0.4,-0.59,2022,13
1321300004,-0.67,-0.69,2022,13
1321300005,-0.25,0.1,2022,13
1321300006,-0.24,0.37,2022,13
1321300007,-0.81,0.21,2022,13
1321300008,0.74,0.22,2022,13
1321400001,0.88,0.8,2022,13
1321400002,-0.99,0.27,2022,13
1321400003,-0.78,-0.93,2022,13
1321400004,-0.65,0.01,2022,13
1321400005,0.06,0.52,2022,13
1321400006,0.76,0.12,2022,13
1321400007,-0.11,-0.61,2022,13
1321400008,-0.9,-0.39,2022,13
1321400009,-0.68,-0.48,2022,13
1321400010,0.67,0.35,2022,13
1321400011,-0.68,-0.09,2022,13
1321400012,0.18,-0.42,2022,13
1321400013,-0.13,-0.49,2022,13
1321500001,0.18,-0.88,2022,13
1321500002,-0.4,0.86,2022,13
1321500003,-0.36,-0.53,2022,13
1321500004,0.82,-0.42,2022,13
1321500005,0.71,0.16,2022,13
1321500006,-0.11,-0.79,2022,13
1321500007,0.31,-0.14,2022,13
1321500008,0.25,0.44,2022,13
1321500009,-0.23,0.37,2022,13
1321800001,0.85,-0.19,2022,13
1321800002,0.23,-0.71,2022,13
1321800003,-0.51,0.19,2022,13
1321800004,0.77,-0.83,2022,13
1321800005,-0.24,0.78,2022,13
1321800006,0.08,0.63,2022,13
1321800007,0.37,-0.61,2022,13
1321800008,0.48,0.44,2022,13
1321800009,0.31,-0.16,2022,13
1321800010,0.91,-0.59,2022,13
1321800011,0.53,-0.16,2022,13
1321800012,-0.9,-0.28,2022,13
1321800901,-0.28,0.94,2022,13
1321800902,0.65,0.19,2022,13
1321900012,0.82,-0.97,2022,13
1322000001,-0.69,-0.63,2022,13
1322000002,-0.91,0.91,2022,13
1322000003,0.1,0.63,2022,13
1322000004,-0.12,-0.55,2022,13
1322000005,-0.43,0.42,2022,13
1322000006,0.84,-0.21,2022,13
1322000999,0.48,0.22,2022,13
1322100001,0.71,-0.59,2022,13
1322100002,0.86,-0.91,2022,13
1322100003,-0.18,-0.83,2022,13
1322100004,-0.5,-0.46,2022,13
1322100005,0.33,0.02,2022,13
1322100006,0.91,0.9,2022,13
1322100007,0.09,-0.92,2022,13
1322200013,0.67,-0.65,2022,13
1322300017,0.7,-0.13,2022,13
1322300018,0.0,-0.92,2022,13
1322300019,-0.07,-0.04,2022,13
1322300020,0.58,0.26,2022,13
1322300021,-0.19,0.42,2022,13
1322300022,-0.55,0.97,2022,13
1322300023,0.11,0.1,2022,13
1322300024,0.63,-0.78,2022,13
1322300025,0.45,-0.77,2022,13
1322300026,0.75,0.77,2022,13
1322300027,-0.6,-0.48,2022,13
1322300028,0.39,-0.87,2022,13
1322300029,0.36,0.11,2022,13
1322300030,0.28,-0.82,2022,13
1322401026,-0.35,0.84,2022,13
1322402001,0.02,-0.12,2022,13
1322500021,-0.76,0.34,2022,13
1322599999,0.55,-0.22,2022,13
1322700001,0.25,-0.18,2022,13
1322700002,-0.98,-0.93,2022,13
1322700003,0.14,-0.41,2022,13
1322700006,-0.89,-0.07,2022,13
1322700007,-0.42,0.13,2022,13
1322700008,-0.94,0.67,2022,13
1322700009,-0.11,-0.78,2022,13
1322700010,0.85,-0.8,2022,13
1322700011,-0.66,0.78,2022,13
1322700014,0.32,0.42,2022,13
1322700015,-0.46,-0.78,2022,13
1322801015,-0.19,0.51,2022,13
1322802007,-0.68,-0.08,2022,13
1322803009,-0.89,-0.3,2022,13
1322804001,0.05,-0.81,2022,13
1322805014,0.8,-0.56,2022,13
1322806008,-0.47,0.2,2022,13
1322807009,0.96,-0.54,2022,13
1322808018,0.8,-0.43,2022,13
1322901001,-0.33,-0.47,2022,13
1322901004,-0.03,-0.61,2022,13
1322901005,-0.39,-0.27,2022,13
1322901006,0.89,0.41,2022,13
1322901007,0.29,-0.12,2022,13
1322901008,0.97,0.63,2022,13
1322902001,0.78,-0.74,2022,13
1322902002,0.99,-0.88,2022,13
1322902004,0.03,0.02,2022,13
1322902005,0.45,0.58,2022,13
1322902006,-0.81,0.63,2022,13
1322902007,0.87,-0.24,2022,13
1322902008,-0.31,-0.15,2022,13
1330301001,0.68,0.91,2022,13
1330301002,-0.39,0.65,2022,13
1330301003,0.62,-0.28,2022,13
1330301004,-0.05,0.48,2022,13
1330301005,0.46,0.94,2022,13
1330301006,0.03,0.52,2022,13
1330301007,-0.45,-0.21,2022,13
1330301008,-0.58,-0.52,2022,13
1330301009,-0.24,-0.06,2022,13
1330301010,-0.07,-0.6,2022,13
1330301011,-0.53,-0.63,2022,13
1330301012,-0.3,0.43,2022,13
1330301013,0.79,-0.99,2022,13
1330301014,-0.78,0.39,2022,13
1330301015,-0.6,0.49,2022,13
1330301016,0.18,-0.06,2022,13
1330301017,-0.71,-0.13,2022,13
1330301018,0.8,-0.58,2022,13
1330301019,0.87,0.26,2022,13
1330301020,-0.59,0.16,2022,13
1330301021,-0.8,0.75,2022,13
1330301022,-0.54,-0.77,2022,13
1330301023,-0.76,0.25,2022,13
1330301999,0.12,-0.66,2022,13
1330302001,-0.35,0.57,2022,13
1330302002,-0.37,-0.35,2022,13
1330302003,-0.73,0.06,2022,13
1330302004,-0.05,0.62,2022,13
1330302005,-0.79,-0.54,2022,13
1330501001,0.38,-0.28,2022,13
1330502002,0.47,-0.93,2022,13
1330700001,-0.52,-0.89,2022,13
1330700002,0.72,0.99,2022,13
1330700005,-0.54,0.94,2022,13
1330700006,0.99,-0.74,2022,13
1330700007,-0.25,-0.63,2022,13
1330700008,-0.61,0.97,2022,13
1330700009,-0.74,0.17,2022,13
1330700010,-0.44,0.22,2022,13
1330700011,0.58,0.53,2022,13
1330700012,0.42,-0.94,2022,13
1330700013,-0.82,0.67,2022,13
1330700014,0.67,-0.89,2022,13
1330700015,0.68,-0.64,2022,13
1330700016,0.84,0.06,2022,13
1330700017,0.71,0.54,2022,13
1330700018,-0.26,-0.55,2022,13
1330700019,-0.3,0.01,2022,13
1330700020,-0.33,0.53,2022,13
1330700021,0.11,0.09,2022,13
1330700022,-0.73,-0.42,2022,13
1330700023,0.77,-0.64,2022,13
1330700024,0.99,0.68,2022,13
1330700027,0.36,0.54,2022,13
1330700031,-0.59,-0.39,2022,13
1330700032,0.28,0.21,2022,13
1330700033,0.38,-0.37,2022,13
1330801001,0.94,0.79,2022,13
1330801002,-0.45,-0.55,2022,13
1330801003,0.5,-0.55,2022,13
1330801004,0.36,0.58,2022,13
1330801005,0.51,-0.89,2022,13
1330801006,-0.37,-0.07,2022,13
1330801007,-0.17,0.74,2022,13
1330801008,-0.56,-0.35,2022,13
1330801009,-0.25,0.09,2022,13
1330801010,-0.97,-0.78,2022,13
1330801011,0.3,-0.64,2022,13
1330801012,-0.77,0.86,2022,13
1330801013,0.22,0.36,2022,13
1330802001,-0.16,-0.31,2022,13
1330802002,-0.15,-0.74,2022,13
1330802003,0.45,0.2,2022,13
1330802004,0.62,-0.46,2022,13
1330802005,-0.74,-0.18,2022,13
1330802006,-0.74,-0.79,2022,13
1330802007,0.53,-0.01,2022,13
1330802008,0.71,0.88,2022,13
1330802009,-0.45,-0.54,2022,13
1330802010,0.48,-0.32,2022,13
1330802011,0.21,-0.82,2022,13
1330802012,0.18,0.84,2022,13
1330802013,-0.92,-0.01,2022,13
1330802014,-0.69,-0.11,2022,13
1330803001,0.44,0.61,2022,13
1330803002,-0.01,0.75,2022,13
1330803003,-0.29,-0.34,2022,13
1330803004,-0.27,-0.41,2022,13
1330803005,0.87,0.04,2022,13
1330803006,-0.27,-0.09,2022,13
1336101001,0.51,-0.98,2022,13
1336101002,-0.34,-0.26,2022,13
1336102003,-0.08,0.95,2022,13
1336103003,-0.92,0.02,2022,13
1336104001,-0.43,-0.09,2022,13
1336104002,-0.02,-0.96,2022,13
1336105004,-0.89,0.87,2022,13
1336105005,-0.92,-0.19,2022,13
1336106003,0.63,0.57,2022,13
1336199999,0.53,-0.38,2022,13
1336200001,-0.76,0.21,2022,13
1336301001,-0.39,0.17,2022,13
1336302001,0.89,0.61,2022,13
1336302002,0.75,-0.83,2022,13
1336399999,-0.41,-0.75,2022,13
1336400001,0.35,-0.01,2022,13
1336499999,-0.99,-0.84,2022,13
1338100999,-0.57,0.63,2022,13
1338101001,-0.05,-0.72,2022,13
1338101002,-0.35,-0.61,2022,13
1338101003,0.89,0.51,2022,13
1338102001,-0.78,0.22,2022,13
1338102002,-0.33,0.4,2022,13
1338103001,-0.03,0.83,2022,13
1338103002,0.65,0.63,2022,13
1338199999,1.0,-0.7,2022,13
1338200003,-0.44,0.34,2022,13
1338299999,0.84,0.09,2022,13
1340101005,0.92,0.35,2022,13
1340102004,0.34,0.33,2022,13
1340103001,0.83,0.91,2022,13
1340104001,-0.29,-0.13,2022,13
1340105001,-0.58,-0.3,2022,13
1340199999,-0.19,0.64,2022,13
1340200005,-0.06,-0.5,2022,13
1342100001,0.64,0.71,2022,13
1342100002,0.16,0.17,2022,13
1342199999,0.84,-0.98,2022,13
1380199999,-0.11,-0.56,2022,13
1380299999,0.04,0.89,2022,13
1380399999,0.91,-0.4,2022,13
1380499999,0.86,0.35,2022,13
1380699999,-0.36,-0.64,2022,13
1380799999,-0.35,-0.48,2022,13
